tekrar,ab
1,0.46739979991014696
2,0.5170572404069199
3,0.5062747073029845
4,0.5389433542663237
5,0.6772386327721723
6,0.5217590025792486
7,0.4109265193058744
8,0.4121664589549342
9,0.4856495195958458
10,0.632999994959565
11,0.5165917450064264
12,0.4826032194635137
13,0.46720964178496344
14,0.588489897349122
15,0.5465292310402198
16,0.5065001618365537
17,0.39215983904612106
18,0.5440135094462448
19,0.6551617159720221
20,0.567813163746711
21,0.4586447081239345
22,0.5187092036630893
23,0.4142901135720136
24,0.6962319462664387
25,0.43228317812915773
26,0.5897029237676691
27,0.5392406820697174
28,0.5791883031393699
29,0.48203436597474963
30,0.4630186682517052
31,0.5066896593808148
32,0.5458862118874853
33,0.46909334983768736
34,0.48216629341155814
35,0.606385790754376
36,0.513921464577525
37,0.5969573364035899
38,0.5774875448880922
39,0.34784446518704687
40,0.6211338665527645
41,0.5148586409718073
42,0.40460034987514065
43,0.6018023129354784
44,0.4533195850299377
45,0.7670455463562896
46,0.4934901705928685
47,0.605668464134955
48,0.48984550817483274
49,0.4964777816974535
50,0.6169984750293447
51,0.5841815046945606
52,0.5339954986318548
53,0.49477517946395594
54,0.4578541782366137
55,0.4557193594891597
56,0.49886284226901717
57,0.6051680827370224
58,0.3640719859372591
59,0.6026537962011843
60,0.43407033280976515
61,0.4243076011917412
62,0.48075195596940684
63,0.46877328246677674
64,0.4056031237713072
65,0.4222439652026707
66,0.4514872530573094
67,0.49089382646467805
68,0.5337989555938409
69,0.48507119351689826
70,0.5520121833182042
71,0.43552863527767827
72,0.5477701343008807
73,0.5222714842282467
74,0.5382199230555205
75,0.3844978576034612
76,0.511278242237398
77,0.5805356593326584
78,0.777503666887756
79,0.6234602187339807
80,0.5137612634724449
81,0.5523389204749324
82,0.5491414929767142
83,0.5801364291406887
84,0.6824449896659995
85,0.524736671191033
86,0.47963585981176055
87,0.5889441555590397
88,0.6458770715373714
89,0.646183867277326
90,0.5441756777655801
91,0.4988918468984689
92,0.47425470826973526
93,0.5167971845117781
94,0.568444189597848
95,0.5491157309914974
96,0.5696600262903709
97,0.5499337931778172
98,0.6945149107016214
99,0.6600103885396826
100,0.33098940095238005
101,0.4647867396628433
102,0.5298938566001875
103,0.44027891525034446
104,0.4959172484450075
105,0.5513435424583595
106,0.5023373195432613
107,0.61818483426775
108,0.42534897989736387
109,0.6858470391744509
110,0.6293175967909721
111,0.41901462200681977
112,0.4568242365971147
113,0.5288493590241928
114,0.5392756631583262
115,0.5837978352101016
116,0.4128704965743309
117,0.5367216215957163
118,0.6207142972165112
119,0.5874980794734719
120,0.49982224293308325
121,0.5064424935376282
122,0.5642968844638846
123,0.5790614766324456
124,0.45826028141077263
125,0.6798564734723854
126,0.5653923323167032
127,0.5063988130194106
128,0.4261925388853596
129,0.5043947945408982
130,0.5483797809127708
131,0.4942039716393929
132,0.5059182780729577
133,0.606155157378379
134,0.49833095108980774
135,0.6046861264718054
136,0.4713987378530595
137,0.49289930502090024
138,0.6856379211828626
139,0.5189197638266575
140,0.42280180914762555
141,0.5478905038173506
142,0.4628732555173567
143,0.5845733890394027
144,0.6314733453764656
145,0.48206626908313865
146,0.424661529787729
147,0.46298142096605416
148,0.5541990456371251
149,0.6299409054491786
150,0.5202043885042944
151,0.5222099988357998
152,0.6227872504641839
153,0.4683377426637895
154,0.43215018084056506
155,0.4854304529012342
156,0.7011535047187536
157,0.404313001877803
158,0.5707800355657972
159,0.4812788924274909
160,0.5213798643167405
161,0.48980945530427367
162,0.5565735769653217
163,0.5165188985127754
164,0.42717438219695175
165,0.4867605824228689
166,0.6079311700578771
167,0.5703711961139152
168,0.5645637319370556
169,0.45819700479334163
170,0.675955735907349
171,0.5268045863959114
172,0.6259246291394953
173,0.6671229932643205
174,0.4790452667351699
175,0.5929820032556608
176,0.39509665430932706
177,0.554946848620519
178,0.5145548067944146
179,0.5423810070438725
180,0.5419706671497392
181,0.45624681618777824
182,0.7073436086368021
183,0.4773873008930891
184,0.507950024934725
185,0.4259720529739244
186,0.6072878245532932
187,0.49830926701262823
188,0.5863505266718052
189,0.6762648542223879
190,0.5594928740610648
191,0.45594457891928286
192,0.478667248745473
193,0.40737905365279314
194,0.3600837325726648
195,0.5778120841270912
196,0.5332277679670567
197,0.4203421130793305
198,0.5817759616668899
199,0.4435830079992064
200,0.5552616096411965
201,0.5260956893704472
202,0.5060136546580509
203,0.46682158152690073
204,0.5968075450439962
205,0.6028447292620726
206,0.466438421625217
207,0.6629272802939196
208,0.381039900375679
209,0.4887530664307595
210,0.5405783718014775
211,0.5800098855889569
212,0.45708989905170916
213,0.5536644000502439
214,0.46877747789280694
215,0.4900565881643203
216,0.4902365571120799
217,0.5363491936218182
218,0.7517142087315151
219,0.46905314571095563
220,0.4336010230974826
221,0.3855917314637091
222,0.6117044026074079
223,0.5886883361734867
224,0.5538377192559415
225,0.47093070403886594
226,0.5087354354527418
227,0.4867389528860008
228,0.4525936196203332
229,0.6275015118180653
230,0.5696241510062676
231,0.5358310726043569
232,0.47945335892672325
233,0.5253793691362233
234,0.5380363355020954
235,0.3804497577921519
236,0.5849869150009588
237,0.5843979275352753
238,0.6633617813328593
239,0.6291734271777673
240,0.6110720041950679
241,0.48233112832237174
242,0.32980309413521103
243,0.47473569143975014
244,0.48342201987993433
245,0.5791044721009474
246,0.45986429065028694
247,0.5980813123529745
248,0.4743524678192867
249,0.6556524191566648
250,0.554252354785965
251,0.5047408138402586
252,0.7444542187027219
253,0.589383325108026
254,0.4242650811623328
255,0.536477405119488
256,0.5365790191760099
257,0.4700956668352956
258,0.4068426749249893
259,0.3649234045579222
260,0.5102086352928705
261,0.6031543265679766
262,0.5176439014867077
263,0.4856164425332556
264,0.5696080650095781
265,0.7311028872495885
266,0.5535284321837746
267,0.453231571882775
268,0.5417477901102403
269,0.5603914336906776
270,0.6300416540486453
271,0.5149744721166104
272,0.5970495995856621
273,0.46379557578748576
274,0.6256217867862978
275,0.5068624186795523
276,0.5072330825344611
277,0.4300947801677034
278,0.448275741904463
279,0.6021195574955941
280,0.6248232375407126
281,0.39531407287574083
282,0.6213764289345888
283,0.6676274000907678
284,0.5171790607627635
285,0.5220471318276515
286,0.5951460616127684
287,0.6010643894189447
288,0.47872449856848587
289,0.551195541627927
290,0.43824733379877684
291,0.7305270431367986
292,0.8571044247149804
293,0.5415004647291747
294,0.38465611412108236
295,0.48750229324768785
296,0.520939732148486
297,0.37694361406095983
298,0.5545451144501631
299,0.437963953793682
300,0.42500699295626576
301,0.45139628474705473
302,0.5417699235826033
303,0.5289697535019271
304,0.6355112735805439
305,0.5323686173246268
306,0.5029912105821528
307,0.40659883104917416
308,0.7349928012187802
309,0.42303081993987146
310,0.5158756405279349
311,0.45991763858247114
312,0.4651491943392043
313,0.43396491446214686
314,0.5118189888329838
315,0.5366187698517204
316,0.5469939143001841
317,0.512544387812236
318,0.28793003661381805
319,0.5687046621307084
320,0.426607016595465
321,0.6362474369207947
322,0.38012396130816306
323,0.5697284011386649
324,0.45659200101720954
325,0.40466878719948945
326,0.6974827350658516
327,0.6298355257825832
328,0.46676794517682185
329,0.5512558253225455
330,0.4652451987060079
331,0.5522317226052228
332,0.5127083908663446
333,0.5551435788150857
334,0.6507414872086157
335,0.467609674029323
336,0.5954382020804128
337,0.4786367518251216
338,0.5108240325315384
339,0.5372556374626891
340,0.5702243492088667
341,0.4599274891988365
342,0.45719555307489335
343,0.6007549719797818
344,0.45007877452299605
345,0.5827229522278771
346,0.6193112841025025
347,0.4701796981891278
348,0.5912868315116804
349,0.5354123603214855
350,0.5008177713195083
351,0.5705603154989701
352,0.6647880495681417
353,0.5038472234214827
354,0.4563593413689438
355,0.6586816755551833
356,0.5056331850205266
357,0.39010574735863696
358,0.5392211005344199
359,0.5012353089667482
360,0.5354343622780037
361,0.46859972055121446
362,0.5066517513845815
363,0.4659427133116455
364,0.6472907870249881
365,0.49948956250320864
366,0.5860080192000269
367,0.5378567975978201
368,0.5709530239304851
369,0.443874022312674
370,0.5086850743749787
371,0.5399439261131292
372,0.6123252608997989
373,0.5910165392226415
374,0.5695247246927038
375,0.42797373702468744
376,0.41140358195434734
377,0.5887544376048055
378,0.4706303387670009
379,0.3727506797108386
380,0.6372553618589246
381,0.538350851299887
382,0.4817674940592759
383,0.5213495925331095
384,0.413120118594153
385,0.46219246601091
386,0.5714780175770454
387,0.5731909620601442
388,0.5288907783364188
389,0.5586242593830114
390,0.46724178596466936
391,0.3515744534236289
392,0.35878782246901453
393,0.4294659295637351
394,0.5873156319530508
395,0.47485789274039786
396,0.5995760779382762
397,0.6638227903309194
398,0.5536301013737223
399,0.4591144662060662
400,0.4732077339583925
401,0.5550550445183144
402,0.566670516939497
403,0.5633163299333235
404,0.6283399670615357
405,0.5763773305282148
406,0.43132791965409406
407,0.5674226187812355
408,0.43466929755556044
409,0.569642460542871
410,0.5311125057628916
411,0.46561324466935305
412,0.5016361893679897
413,0.5811610712907137
414,0.5297848037227035
415,0.5231375769914357
416,0.6108879611519196
417,0.5200922862857472
418,0.5825667405072841
419,0.3560810945667528
420,0.5153416623263845
421,0.5946468116410595
422,0.5741549664359987
423,0.5084350383404181
424,0.4630658448854047
425,0.48253937984385925
426,0.6726639807329998
427,0.43161925738010803
428,0.6244778540224768
429,0.4783615613780347
430,0.4136929641652875
431,0.46711184580742526
432,0.7090887516884393
433,0.6318537177389548
434,0.5964440321854519
435,0.40865264780352295
436,0.4963654735529442
437,0.5262227286951168
438,0.49798833142156534
439,0.4580447866430253
440,0.4241511081186497
441,0.4890285365216465
442,0.4593790921259695
443,0.4125160371176253
444,0.44419005963745845
445,0.6212431857369187
446,0.5153159636856279
447,0.493602462508303
448,0.5060027822946964
449,0.2972911560451584
450,0.6253380269026845
451,0.3826859716288583
452,0.5243400163838868
453,0.5106598500779137
454,0.4544016463447632
455,0.48802510328971405
456,0.4753278430287237
457,0.6152287939052298
458,0.5083033350196068
459,0.6030872219556153
460,0.46501956260836425
461,0.6961626288100706
462,0.4902743101150732
463,0.5256900122283594
464,0.4931129818235544
465,0.6162690489095305
466,0.4032732187945398
467,0.37432144971237774
468,0.4830872762196572
469,0.42371705657413206
470,0.5543037172819895
471,0.6864801562283159
472,0.662184404920489
473,0.6322386189643242
474,0.566806350261443
475,0.5565222417867901
476,0.47326855325363465
477,0.5867464226508851
478,0.5389061435120743
479,0.4079313658486563
480,0.44424356455967456
481,0.5163755759342578
482,0.5301742959616277
483,0.6219967634968128
484,0.5418200655574608
485,0.5739305722319027
486,0.39904650816243736
487,0.5319246784715679
488,0.4773986393624212
489,0.4198824887985169
490,0.537853279587203
491,0.629546103616043
492,0.5235868929786305
493,0.5266168197781604
494,0.6920601048684283
495,0.550658954073845
496,0.4175838265217831
497,0.5101743300289349
498,0.47481857354828394
499,0.6483661044486023
500,0.5745517669253535
501,0.486404905224778
502,0.5077418357365522
503,0.5603875689313368
504,0.42510573103173044
505,0.5150363832502055
506,0.5782357031590374
507,0.4952437562462895
508,0.6377601152162272
509,0.41154752041148174
510,0.4194111219237494
511,0.4920570175063837
512,0.6549664165184168
513,0.4826522242173872
514,0.538875462331829
515,0.3727609652149389
516,0.6564743560450348
517,0.4398440997100033
518,0.5986885019315271
519,0.5585689377746691
520,0.5629878981502695
521,0.626166378460095
522,0.5168452990389064
523,0.5686362844482719
524,0.4749916778027049
525,0.3819747751100313
526,0.5820277759315403
527,0.5837303885293491
528,0.5026946582263709
529,0.5783751600409133
530,0.6346177434463763
531,0.5289891516708962
532,0.6548873644141207
533,0.49840317266920864
534,0.671220507585948
535,0.5685343074196094
536,0.6105916442757325
537,0.5439151211427965
538,0.5562122022579832
539,0.45215584029559214
540,0.45069556465250515
541,0.48309047531551685
542,0.5758870838651946
543,0.5583541774342768
544,0.5062390632074995
545,0.49494578842957426
546,0.5219766800318185
547,0.6545343418358297
548,0.5461792237399479
549,0.4912669091928929
550,0.4283833531595896
551,0.5538036106689459
552,0.42816255806356446
553,0.4094375217251753
554,0.4569601931276992
555,0.52824112053167
556,0.5954072626940604
557,0.41762405462725954
558,0.4526761996647849
559,0.5432146003767024
560,0.5849941432709749
561,0.4945584118163391
562,0.4411620520872039
563,0.4340858890150333
564,0.5553118460295691
565,0.4094730925087177
566,0.681847871939321
567,0.5595306076432741
568,0.45828186652902847
569,0.4984916697133245
570,0.5938862656125125
571,0.5469070378280118
572,0.5795602769819707
573,0.5492464287304724
574,0.5083698218683965
575,0.5320082488499009
576,0.6511030986268607
577,0.6032164393215422
578,0.5001452138358036
579,0.41484339371015394
580,0.4084870047692121
581,0.4978228635831272
582,0.5888380392762187
583,0.5211299972360063
584,0.49686339765188203
585,0.6998274411895974
586,0.5895187022157171
587,0.5023196565595446
588,0.5335343338642967
589,0.48422356429646884
590,0.5235479168786609
591,0.6398154382050145
592,0.47863774267863646
593,0.46516681957856365
594,0.5915380056896127
595,0.4415830369785993
596,0.47026406870535453
597,0.6339221218800183
598,0.5727529180705193
599,0.6648459391097528
600,0.4905281486588711
601,0.5287169152551879
602,0.4401850538593546
603,0.5400813702056477
604,0.6298533598190181
605,0.6490337211622993
606,0.6245126468724441
607,0.5631964767991344
608,0.5020679617438055
609,0.5293519746792672
610,0.44257837062275657
611,0.4658693012365066
612,0.6697783508303553
613,0.3943142980691311
614,0.4863706267899236
615,0.49297282569750994
616,0.6222081531839162
617,0.5611186037358988
618,0.5230694696731214
619,0.4647780225393583
620,0.48440633510159636
621,0.5208874290628025
622,0.3200571988017351
623,0.5408491266772922
624,0.4635160796508747
625,0.4017372603216503
626,0.4508272857310937
627,0.521748436948933
628,0.5072336665340893
629,0.4344639152979201
630,0.47027892175472547
631,0.46031499274255827
632,0.7643215409624713
633,0.5327980810097149
634,0.56575872577378
635,0.5211949530343115
636,0.706023389002453
637,0.43637498501545574
638,0.39278171432176057
639,0.46214456398235915
640,0.6034689120155925
641,0.5391500307799747
642,0.4708591776340423
643,0.4056420300260166
644,0.6091792998451665
645,0.45587474352529084
646,0.6636007583796797
647,0.4442893835955022
648,0.6108850678919587
649,0.5622889529252271
650,0.4832675934334524
651,0.8241317917502534
652,0.5788084486808678
653,0.36432421394062575
654,0.6513332874166092
655,0.4960211761609954
656,0.5008591444083792
657,0.5060195481247752
658,0.5030460471185411
659,0.6325947775143818
660,0.6597356512770443
661,0.3372505970502581
662,0.5419144275078407
663,0.518445805252088
664,0.4157406913673417
665,0.7216797988915711
666,0.5637099726055926
667,0.531729328375419
668,0.36018386501613353
669,0.6236607829538618
670,0.569928248109326
671,0.61664569227522
672,0.4237515421547116
673,0.4536532920765983
674,0.4988737269691376
675,0.5259447668123274
676,0.5126313528667281
677,0.6965429517924785
678,0.5646501320662602
679,0.603920245579755
680,0.3676907141713049
681,0.44153511105974963
682,0.544202714457827
683,0.6239653988879572
684,0.4461465454720462
685,0.5481180745690701
686,0.4810509126974496
687,0.5383054951486954
688,0.4689927198929737
689,0.5954957110574848
690,0.5611529501283155
691,0.5203856027699283
692,0.5160320424299478
693,0.5583886438989333
694,0.5034934950490928
695,0.5843091732012886
696,0.5794002847622809
697,0.5277145482979316
698,0.5454698518519866
699,0.4947143949645443
700,0.4433684404970274
701,0.4850163683473375
702,0.3769922714835005
703,0.5209495373841528
704,0.5653290407879663
705,0.6347894944323249
706,0.5491952256510193
707,0.609288380310002
708,0.4590782028268627
709,0.5985708739691676
710,0.36591508122244615
711,0.4706069040048425
712,0.5009678303017983
713,0.3744170488418943
714,0.6082321587566363
715,0.41987828678666883
716,0.4162447819867204
717,0.49283861760727465
718,0.5889375109466396
719,0.4394576131256342
720,0.4455413451596174
721,0.5217282675143301
722,0.5383644532907595
723,0.576216970718241
724,0.562559569241047
725,0.48501655581272274
726,0.4828029983586156
727,0.6540208115962463
728,0.714284064453006
729,0.4733480489644725
730,0.44965459498558347
731,0.5993289590835018
732,0.47813745804975594
733,0.5270763105089488
734,0.5116578281336304
735,0.5164543828897159
736,0.5158780175589183
737,0.5692322415975624
738,0.6085789341038088
739,0.508395061975418
740,0.45216035857154374
741,0.43046968877035563
742,0.5461034561609454
743,0.5510449364692735
744,0.5475974650238243
745,0.38368509545087776
746,0.42782356702133006
747,0.5483520988070821
748,0.48569500680470157
749,0.6074245290545648
750,0.5341918738898214
751,0.5056106157097883
752,0.5666474653540043
753,0.48720911607687
754,0.49972063780221904
755,0.6770504759465824
756,0.5013021027103951
757,0.4437614291784815
758,0.5411002271955929
759,0.5225012739260663
760,0.5340338649726952
761,0.49438252475187205
762,0.41255151100129395
763,0.4582546867618054
764,0.5250011021146219
765,0.48304716259121067
766,0.40275827688239085
767,0.5089503423505405
768,0.39246955714466336
769,0.44931522325130807
770,0.5750112840046767
771,0.4543009598777472
772,0.6105717075654027
773,0.5291874057571299
774,0.3802035788676131
775,0.5355082814151434
776,0.6203526963702257
777,0.7170870050390168
778,0.5470912862549422
779,0.5949189664966422
780,0.5282032849193256
781,0.45687118290177
782,0.6657722670133214
783,0.3854653300139951
784,0.6242170418671242
785,0.41803963531699223
786,0.5382019574806579
787,0.63936882373301
788,0.33341026191625556
789,0.6304273196963776
790,0.5548577633896881
791,0.43264956096957374
792,0.5537806846270369
793,0.42405606013301733
794,0.5393352858273771
795,0.7487447742166284
796,0.6257567139225534
797,0.5671031807858455
798,0.6395466262973375
799,0.47355915875268745
800,0.6526029484571575
801,0.49099680543624796
802,0.49619621141828035
803,0.3829379968941102
804,0.5377304971486452
805,0.46755373752837953
806,0.6123844086567606
807,0.32905385495465317
808,0.45886062645481257
809,0.5226236918507836
810,0.5341011926687428
811,0.48201976164038923
812,0.4497056496402475
813,0.5164672849189179
814,0.5145648912144576
815,0.3900734183397041
816,0.39239116819794917
817,0.6343584345249658
818,0.43341179057651197
819,0.5382264022770137
820,0.5165147730492203
821,0.7015703330685931
822,0.42890754282396315
823,0.5534151469513037
824,0.5580247012999041
825,0.5563191822339038
826,0.5004488275497686
827,0.5359490134201708
828,0.47531608427069505
829,0.429999443525208
830,0.5529785194030242
831,0.5481852529667706
832,0.38618646904071546
833,0.48122641303028385
834,0.5915656603650633
835,0.44037497429575095
836,0.44216792081397227
837,0.5057476453255432
838,0.6092152067330983
839,0.44947704562967516
840,0.5113137732654114
841,0.5602528834559073
842,0.5312598495798567
843,0.7290243095150748
844,0.5000454272227834
845,0.4513430079702576
846,0.6102364776462329
847,0.5433904411225016
848,0.4381339990073905
849,0.5212725824216593
850,0.3854051396155062
851,0.5208769276896044
852,0.5757922457883657
853,0.48582761147626086
854,0.49455796384903633
855,0.5069872857239016
856,0.5691398711809108
857,0.48099286009028186
858,0.5283369936357
859,0.6400179027875401
860,0.494169293110171
861,0.46782634405474705
862,0.4542260865904369
863,0.6826949884052556
864,0.5705658264663606
865,0.3999475459775579
866,0.5658474487035419
867,0.5781173006456687
868,0.6025026977089203
869,0.5460212444125249
870,0.5381740207509127
871,0.457483900778521
872,0.48059802136498364
873,0.5712997164657697
874,0.5732623653784852
875,0.6477790735823504
876,0.4475690689788153
877,0.38641174627814173
878,0.6125651743980987
879,0.4182896657033786
880,0.5304682619268829
881,0.4505344631851914
882,0.5943958185821677
883,0.6535673032137311
884,0.6436787170212229
885,0.395100331966275
886,0.593071399221305
887,0.5658000636723444
888,0.5372165398197161
889,0.4899748665835744
890,0.3915770029650335
891,0.5086448547696292
892,0.6553471854117001
893,0.7362440174018163
894,0.5615028429376057
895,0.6736267862238228
896,0.4678307982482443
897,0.5169065446530974
898,0.5891470406765058
899,0.6258503534355724
900,0.5394596469263278
901,0.34657834609517263
902,0.4260130481932989
903,0.5704758521775705
904,0.5051786768105363
905,0.517908287839284
906,0.5067171720714201
907,0.3946347754473231
908,0.5911486164580189
909,0.7060880637524518
910,0.4508010327121564
911,0.485868017389224
912,0.5650909930712469
913,0.37838787717001615
914,0.4947308875597769
915,0.4691489666724275
916,0.6168664437776377
917,0.5422039457304606
918,0.4928770586330128
919,0.4362651473758797
920,0.5492224527184875
921,0.373179506825721
922,0.6355795673058295
923,0.5226223138790892
924,0.6962899790803526
925,0.4545697457980057
926,0.4370796585351436
927,0.5842091430859405
928,0.5992487793039913
929,0.7162578274857786
930,0.4609202307751851
931,0.49320806791562605
932,0.5376854427932307
933,0.6012742786394044
934,0.45134054037704635
935,0.5139797564304165
936,0.4195989856870445
937,0.6066327670073607
938,0.5808113177131615
939,0.46595736522005377
940,0.48191490640104645
941,0.4475891188745004
942,0.39979279520481603
943,0.7606334099250963
944,0.6419613401893035
945,0.4283460252323013
946,0.4508514390491479
947,0.5274789860653827
948,0.5061753100235261
949,0.4783452183550007
950,0.4547023169129487
951,0.3695318613033819
952,0.5316000225372828
953,0.5871628173374022
954,0.5043928711072763
955,0.4962155228589308
956,0.4657073591824415
957,0.5853331469637396
958,0.7029609435730034
959,0.3677683494700279
960,0.43331629765536617
961,0.5838183644754902
962,0.4139687519633701
963,0.6040103781851981
964,0.5072963025875348
965,0.5441026768938919
966,0.44638608479621034
967,0.5493042997145947
968,0.5143891883107828
969,0.5465416667354488
970,0.49558201080962616
971,0.5145224255375048
972,0.5284035743059077
973,0.5133039405029665
974,0.5672546266013978
975,0.4843174856162322
976,0.34820423284545743
977,0.468173773599048
978,0.5202716035909513
979,0.3984702323336472
980,0.4136565275504077
981,0.566653892019594
982,0.6103391669126499
983,0.5310205648048687
984,0.4949018206296263
985,0.5305778865278374
986,0.6023253164835332
987,0.5936528012682156
988,0.5318285047802446
989,0.49791408456631514
990,0.5483430930251543
991,0.3902468477519065
992,0.4111840259707109
993,0.5830655597760358
994,0.47364159198687134
995,0.5489206516573131
996,0.48274637233283835
997,0.5555156247185612
998,0.6890906691600113
999,0.48142674544126185
1000,0.5932931417814586
1001,0.4692564431851847
1002,0.5312691993120974
1003,0.5030184000086795
1004,0.4759871421156217
1005,0.4802410887336174
1006,0.649268506158454
1007,0.5689854545988957
1008,0.7416752405814931
1009,0.5163673510635729
1010,0.5416535903247893
1011,0.4359074345673501
1012,0.5024551998178984
1013,0.4445336673623083
1014,0.4329142286582092
1015,0.5871495730734346
1016,0.6391242722394347
1017,0.5799242726545596
1018,0.5200129042221383
1019,0.47041763056865016
1020,0.5363803323672924
1021,0.5716292334051526
1022,0.46466576293081224
1023,0.5490313098781947
1024,0.4552978234692234
1025,0.6059459333248385
1026,0.42819638223896894
1027,0.4914153763751746
1028,0.6271290909760078
1029,0.4553943420468209
1030,0.5391196373446108
1031,0.8270494645761737
1032,0.49355942854454155
1033,0.7128008250685728
1034,0.4556678160926345
1035,0.5123850640705155
1036,0.4278864452191075
1037,0.5326918228483237
1038,0.5136895976212487
1039,0.47778378690472395
1040,0.48894252331252247
1041,0.6212987549022234
1042,0.48320670994433074
1043,0.5628790183184598
1044,0.4984409355901586
1045,0.6350735644988882
1046,0.5602760310694912
1047,0.7764474668196153
1048,0.5325108163248027
1049,0.5674860815776016
1050,0.5696308610834954
1051,0.4283728069009244
1052,0.4737629267569963
1053,0.645309408554037
1054,0.5445274408337046
1055,0.5336586344813754
1056,0.5664055221298472
1057,0.5554454712453847
1058,0.529763177636774
1059,0.4018946586531806
1060,0.4566282323590973
1061,0.5383182851194058
1062,0.568601931906359
1063,0.5105736542375362
1064,0.5510277515814014
1065,0.3851978338802584
1066,0.7970485267515356
1067,0.5388778790646944
1068,0.4779711914101716
1069,0.459322931072732
1070,0.5164264527777289
1071,0.6290309117891448
1072,0.47386843844956683
1073,0.5676265752322218
1074,0.6796471454389625
1075,0.47971314335204196
1076,0.5257766242943499
1077,0.5548645894061096
1078,0.5144444558110711
1079,0.5594504685881423
1080,0.5829008858066587
1081,0.48569218146820026
1082,0.48356485539808386
1083,0.5135531304265655
1084,0.5407812179063595
1085,0.36182598522282156
1086,0.4536909923493903
1087,0.607133133917716
1088,0.589399488880937
1089,0.395541714695933
1090,0.43162185204097203
1091,0.5461115775803738
1092,0.5898665935441081
1093,0.6316609279697367
1094,0.6331465256151757
1095,0.5384039354821138
1096,0.5304748638831515
1097,0.5417328566166923
1098,0.4368147837531469
1099,0.5970951974012174
1100,0.4552068687152586
1101,0.5681342806345853
1102,0.41917461706173187
1103,0.5344388178789922
1104,0.556869433248347
1105,0.44007621204935937
1106,0.4505632910243501
1107,0.5671277333026089
1108,0.508999555707643
1109,0.6887856078578833
1110,0.44523155114473584
1111,0.5075323009873185
1112,0.6560416219884027
1113,0.5655537036690413
1114,0.3912749402515115
1115,0.4519745082235669
1116,0.5176394420952568
1117,0.5944519272617313
1118,0.5389096068040613
1119,0.6070078176736002
1120,0.44885450207997724
1121,0.7200050319321311
1122,0.40132451951652265
1123,0.47983939881993576
1124,0.4860205460777415
1125,0.48470254883613
1126,0.6407788523180981
1127,0.4680986336663269
1128,0.46914929254761534
1129,0.3858793641123223
1130,0.5076573989965153
1131,0.4581380905556555
1132,0.6399306212633171
1133,0.6278324782450407
1134,0.43535764645024333
1135,0.5356170058769228
1136,0.5812463803400219
1137,0.4818253413038571
1138,0.5320233331896733
1139,0.5057324376353982
1140,0.4550653995550029
1141,0.45131352056335805
1142,0.5570396815047709
1143,0.37647790427294764
1144,0.4857132867683745
1145,0.42027224076887015
1146,0.5128308559075916
1147,0.5472322368006008
1148,0.5857809619206003
1149,0.5389524955650219
1150,0.576405967420337
1151,0.817630965662726
1152,0.4744101417429851
1153,0.6037488994935103
1154,0.4915234728934494
1155,0.3968870503027563
1156,0.46349145037912387
1157,0.7428397676036782
1158,0.43199540489903476
1159,0.5175042214431609
1160,0.5425224668785583
1161,0.4545382645256591
1162,0.46292811273254875
1163,0.5151382902976913
1164,0.4739351753992299
1165,0.5157593036750662
1166,0.5356286559415296
1167,0.5296678396607765
1168,0.4274738886855001
1169,0.549835689841572
1170,0.4448585131485699
1171,0.5814540374347729
1172,0.5456586554560009
1173,0.5484950467424936
1174,0.5182294513947863
1175,0.5000864471986605
1176,0.4313803201907294
1177,0.5585171983512355
1178,0.503844421869661
1179,0.4278942342480285
1180,0.5698279414887091
1181,0.4414795719815292
1182,0.5029411665104505
1183,0.5645901040588159
1184,0.46321837149226097
1185,0.5115244927338106
1186,0.4183747060636347
1187,0.5430441074277635
1188,0.6963382351192116
1189,0.5718768572356417
1190,0.6111138546663071
1191,0.4897423869684911
1192,0.5887039938615877
1193,0.43481185806508044
1194,0.5262256415018909
1195,0.48287716799896785
1196,0.5055860257632462
1197,0.4181122267944085
1198,0.7029668776036556
1199,0.5596376983431847
1200,0.5776739191420697
1201,0.42307552168673923
1202,0.5044713643257572
1203,0.5748032405124158
1204,0.4911762406132271
1205,0.5689435378982761
1206,0.46532411458610784
1207,0.46178012232551074
1208,0.45668129389931933
1209,0.4855600968229647
1210,0.5055335938783544
1211,0.5084306967904383
1212,0.5561631721653861
1213,0.5121426618070909
1214,0.46319228310667854
1215,0.500051262893213
1216,0.44698696274049926
1217,0.4240823055104328
1218,0.5979517304607872
1219,0.5545970555622882
1220,0.5434782312862872
1221,0.3876101647711398
1222,0.4897670839144628
1223,0.4950830568835688
1224,0.49108582409527013
1225,0.4766104238896097
1226,0.47691324070547697
1227,0.5586539263079695
1228,0.5102358679402621
1229,0.5476880933314577
1230,0.5504739514766488
1231,0.3353372011615384
1232,0.5357838238494894
1233,0.5009484186852069
1234,0.576452649949581
1235,0.47704856988903577
1236,0.4777378544128801
1237,0.5040436409663797
1238,0.4582705515499607
1239,0.5658297104457961
1240,0.5623006993455284
1241,0.44431631483883866
1242,0.45063240697297907
1243,0.6960858591437383
1244,0.38629137025571064
1245,0.5673359640207957
1246,0.5154366470514088
1247,0.4854857724820604
1248,0.6913070290733213
1249,0.514624263851719
1250,0.6254140466057887
1251,0.5857144910247127
1252,0.6456619108529397
1253,0.483121419590853
1254,0.4380685170503939
1255,0.40144064578873323
1256,0.46905500862963984
1257,0.521788428127928
1258,0.47603002951689455
1259,0.45231744047094574
1260,0.602261709783703
1261,0.48550700297741595
1262,0.48543054534171853
1263,0.7660335250232058
1264,0.6549399558024733
1265,0.48355826420312903
1266,0.7139322414749606
1267,0.5026550173787554
1268,0.4028885909582806
1269,0.44607704343480153
1270,0.5401960623874238
1271,0.40045232092499045
1272,0.5417816446426076
1273,0.41901629797078915
1274,0.6139179303946884
1275,0.6661884107862713
1276,0.5017859424895866
1277,0.5783983835534212
1278,0.643511769746058
1279,0.49475314093266043
1280,0.5637455045028297
1281,0.49362358555921193
1282,0.5458709182324639
1283,0.5825478449045647
1284,0.5298846543680543
1285,0.5277759314914234
1286,0.43100481297115717
1287,0.4807260197859128
1288,0.5566603593700382
1289,0.581086735367022
1290,0.501511641520812
1291,0.45676792260941246
1292,0.5586425033575569
1293,0.5040812094444209
1294,0.41427975737091827
1295,0.420524566783211
1296,0.44821231013205864
1297,0.557759062508135
1298,0.6113870124043009
1299,0.597935035630432
1300,0.6682630912511458
1301,0.45247740507379025
1302,0.4772371646260659
1303,0.4527413386841242
1304,0.4069843402905795
1305,0.49629030146893544
1306,0.44766561572177116
1307,0.4866406949959884
1308,0.4433685485076263
1309,0.42044364142069157
1310,0.6714100361062463
1311,0.6396173530786887
1312,0.48445504075686796
1313,0.47135174362627463
1314,0.4186588412982037
1315,0.5232564433995179
1316,0.4616133754203895
1317,0.4445342565406863
1318,0.5247719699411508
1319,0.4941377296745774
1320,0.43618916569027233
1321,0.45832136297851306
1322,0.5237193487558367
1323,0.6136619298245248
1324,0.36113609075460557
1325,0.4591399911053764
1326,0.40644684413213
1327,0.5151387827884926
1328,0.5572271679604853
1329,0.5273445238076513
1330,0.5708816919016072
1331,0.4943458335203347
1332,0.6006422464008715
1333,0.5376881162252617
1334,0.6497300389705858
1335,0.5426812381849625
1336,0.3269201089141711
1337,0.36889906622539204
1338,0.4301804956720484
1339,0.5524516663865753
1340,0.5050757046731502
1341,0.43585245212693824
1342,0.4786066480523173
1343,0.5079945791276501
1344,0.4556300738756692
1345,0.46457571882173015
1346,0.4628401527030755
1347,0.6646216895390414
1348,0.4718215393692484
1349,0.468776713907849
1350,0.5807134914912057
1351,0.58533498319576
1352,0.45835526157572865
1353,0.6517848327554076
1354,0.5840308441818126
1355,0.4786488435841254
1356,0.44004320725560164
1357,0.5183313734443376
1358,0.41123158423194617
1359,0.5484638416880957
1360,0.4812747413271784
1361,0.40107913016438246
1362,0.46328319571279586
1363,0.4434244772313626
1364,0.5587018436130728
1365,0.4387786257910864
1366,0.34878719150469584
1367,0.6070141300593865
1368,0.4042312082666117
1369,0.45311691480922084
1370,0.52456279525615
1371,0.641111304178158
1372,0.44665768723793536
1373,0.4466676494792235
1374,0.4178552894699382
1375,0.5957632808056166
1376,0.5788632769571531
1377,0.6560807908333645
1378,0.5010326600843534
1379,0.5200269490317775
1380,0.461294539026777
1381,0.5313791731949847
1382,0.43983221844899917
1383,0.43907611239209776
1384,0.5633251693852882
1385,0.6165468572585557
1386,0.5054718463640768
1387,0.6115417330691814
1388,0.5089443379077445
1389,0.42913260977933676
1390,0.5269153206395529
1391,0.40215747038431116
1392,0.5484633596141476
1393,0.32274668537620227
1394,0.5847420961486781
1395,0.39308158465141424
1396,0.3878819201809011
1397,0.5127373144720502
1398,0.4323952891607874
1399,0.5300730176833609
1400,0.48727742282271835
1401,0.4501078390452726
1402,0.475539294914887
1403,0.5837121478452992
1404,0.5850207381503661
1405,0.4759827531888207
1406,0.4685502113588028
1407,0.43310983923071955
1408,0.6657662662377927
1409,0.5351002321910887
1410,0.5223622190099537
1411,0.4571421829225468
1412,0.5940487942312545
1413,0.507572982808108
1414,0.5349684698448025
1415,0.5673692692224259
1416,0.45203477016058036
1417,0.5331579773401621
1418,0.4654013632334301
1419,0.464902104112602
1420,0.5167498958368518
1421,0.5467485158736457
1422,0.45168724202057786
1423,0.5873003538535525
1424,0.4811880935318842
1425,0.5237538167652036
1426,0.6403883637871131
1427,0.546655789503121
1428,0.4891885086551118
1429,0.5583644957383652
1430,0.4411715681885142
1431,0.5867285507822869
1432,0.5035165735148496
1433,0.513429068787967
1434,0.5963126391417448
1435,0.5926004203686721
1436,0.41892315669957253
1437,0.5441264017163174
1438,0.5544906781446722
1439,0.5395246109545736
1440,0.494096938922041
1441,0.5569558443642857
1442,0.3944598484115517
1443,0.7633376004920891
1444,0.5850086891263014
1445,0.5499996260112562
1446,0.5705926680219211
1447,0.5743611342953127
1448,0.4084750016529418
1449,0.4701441970068796
1450,0.49328050012771163
1451,0.5118075898549911
1452,0.420297335778125
1453,0.4835685135973391
1454,0.5009112510511807
1455,0.5593416380185195
1456,0.4885066399147487
1457,0.4336336591610236
1458,0.6438542617447066
1459,0.3993014040644266
1460,0.43195686650377263
1461,0.7952244259887116
1462,0.40714460265588803
1463,0.4688705572979007
1464,0.4848776005192005
1465,0.5186913550967779
1466,0.5682536646049605
1467,0.6093582332224464
1468,0.3727302642907975
1469,0.6013598396367631
1470,0.5038106134499629
1471,0.4475839778395523
1472,0.4824186384725644
1473,0.46118432391220515
1474,0.5159877315898774
1475,0.45884798824278267
1476,0.33226116189929705
1477,0.39416937478152214
1478,0.5475514420568485
1479,0.4721143959746888
1480,0.5622132121059955
1481,0.3945982952318989
1482,0.46616968737314357
1483,0.4404806933769623
1484,0.5427330658278607
1485,0.7096801236446898
1486,0.5348882665379836
1487,0.5083288560024791
1488,0.7924024215927313
1489,0.584002489447047
1490,0.47225539541172923
1491,0.46676230658231166
1492,0.4290745099153429
1493,0.47951801493830676
1494,0.6031917613405753
1495,0.5240598979406144
1496,0.6188188338772012
1497,0.36066193679518466
1498,0.5302028196786724
1499,0.5817278354605581
1500,0.39679574802415185
1501,0.6702865024902928
1502,0.6664470050580995
1503,0.643304870750154
1504,0.48340470727934065
1505,0.5201058881246694
1506,0.5198663240994722
1507,0.503605919238227
1508,0.477294907268387
1509,0.49552208846439927
1510,0.5225573154967867
1511,0.553166462630345
1512,0.589504508792466
1513,0.5928973506577081
1514,0.4999067822449991
1515,0.4754225237134674
1516,0.5451524409065699
1517,0.5730433332156234
1518,0.5441980063584535
1519,0.5139782907156434
1520,0.4879687222253734
1521,0.49076823153956917
1522,0.5008285570424055
1523,0.6245456482011276
1524,0.62211669507037
1525,0.5194944269200815
1526,0.4399665365400356
1527,0.6745663490451033
1528,0.5527836372651673
1529,0.4181227777817047
1530,0.46849813253081724
1531,0.4977257273303612
1532,0.5182163208318986
1533,0.44819576751297036
1534,0.41106656382010115
1535,0.7595071976925529
1536,0.45585901833438386
1537,0.4796125989360786
1538,0.4836841413350678
1539,0.5703622442023192
1540,0.5146619175168543
1541,0.428825180728452
1542,0.5314457194419304
1543,0.5410226184677146
1544,0.5077097436403022
1545,0.5078541610888895
1546,0.6439924891626315
1547,0.4944732361363181
1548,0.558719603868995
1549,0.5397553205749424
1550,0.44958085360997035
1551,0.5110658400421669
1552,0.4157436272000912
1553,0.4411409314887455
1554,0.4027247690807846
1555,0.6132849232102298
1556,0.519019781181429
1557,0.4675950347081729
1558,0.5319575246778322
1559,0.5106592583715793
1560,0.3587510331130747
1561,0.4093922276001251
1562,0.5295280194236416
1563,0.49108105746030944
1564,0.4498363940584474
1565,0.45900614247639626
1566,0.5775644784769293
1567,0.5543263383983603
1568,0.6131419626543092
1569,0.5759982480191091
1570,0.6022043482246658
1571,0.5514560223098346
1572,0.3706112917373552
1573,0.49166192921750024
1574,0.5811544395423756
1575,0.4364983844161344
1576,0.4057424382708799
1577,0.5423680622863263
1578,0.4384291395152148
1579,0.5231170141871716
1580,0.5064422585703993
1581,0.4831159951559151
1582,0.5528873764135064
1583,0.5576314842445969
1584,0.6217924042446387
1585,0.3206908775988471
1586,0.4371459429818695
1587,0.41857573204460397
1588,0.30948999718367604
1589,0.5377193140205955
1590,0.5817585309050953
1591,0.7221456726786257
1592,0.5525870499638268
1593,0.533433610535586
1594,0.38454636202189396
1595,0.4141731579860203
1596,0.5666605039760166
1597,0.43293151173537503
1598,0.4993976328218224
1599,0.38701856051099337
1600,0.5609773585011941
1601,0.4971525670640411
1602,0.41012815710821515
1603,0.5005353079076924
1604,0.49542018145989114
1605,0.6070513362349174
1606,0.5751923263221176
1607,0.4972102583049147
1608,0.6015681947454992
1609,0.6236895466040874
1610,0.6950910972704383
1611,0.3948425700127402
1612,0.5591337091179367
1613,0.4039604090563297
1614,0.5296571464488672
1615,0.5171650005584986
1616,0.6220279915217445
1617,0.6847294907944501
1618,0.4578135737786516
1619,0.5405375613525887
1620,0.5645039458647313
1621,0.45013228017697665
1622,0.5510737087803455
1623,0.4956320726201729
1624,0.5027605779525997
1625,0.47351972639611767
1626,0.6063919361278255
1627,0.49626883228592017
1628,0.5067595749583813
1629,0.4265929526061656
1630,0.7060003459153107
1631,0.44968176119314107
1632,0.6153699158400074
1633,0.4354612160912212
1634,0.5153746030027312
1635,0.3550376128453634
1636,0.49369200802412905
1637,0.5248310152151394
1638,0.4726230055082672
1639,0.5909538256742422
1640,0.4168066538494656
1641,0.4859950179429274
1642,0.5385542008966845
1643,0.3642117517395504
1644,0.4355967784672914
1645,0.4503860615135037
1646,0.5830974716316859
1647,0.608262354589293
1648,0.58007747442799
1649,0.4074155145067096
1650,0.6127060048608155
1651,0.5577507226376937
1652,0.38416874863236355
1653,0.45370486429360973
1654,0.4014495296069985
1655,0.42565284248015883
1656,0.552384758649929
1657,0.396604201182705
1658,0.6215366768514027
1659,0.5030623399790162
1660,0.5534111141270301
1661,0.6359683444936027
1662,0.48747199831771115
1663,0.5267285581505321
1664,0.534879121721076
1665,0.3457820328873752
1666,0.6039005716623342
1667,0.5747101922318801
1668,0.4911274340618094
1669,0.4605106135214151
1670,0.6031812313105436
1671,0.5501600787632348
1672,0.5300723197933397
1673,0.5684367829322388
1674,0.5268899635545906
1675,0.5063227131161525
1676,0.43146194221742634
1677,0.4314318718484551
1678,0.5814399098399627
1679,0.4467923622516098
1680,0.6314980201921524
1681,0.356720780334916
1682,0.709244006396214
1683,0.6208354852263432
1684,0.5527555593474143
1685,0.41633038252721677
1686,0.5079618239480996
1687,0.5467745861570692
1688,0.4417695962138098
1689,0.4665899755972392
1690,0.582405140780832
1691,0.4080302233172773
1692,0.4591065503716804
1693,0.4687964942263381
1694,0.6651519204161815
1695,0.5287121568266517
1696,0.5039543913157498
1697,0.6004332886654173
1698,0.355342324584775
1699,0.5046058034550029
1700,0.5484662969019019
1701,0.4107133494967481
1702,0.5759429968680627
1703,0.6356412276030685
1704,0.4004358205114573
1705,0.5376025845299016
1706,0.681304210687038
1707,0.45243768496783715
1708,0.5264460183950515
1709,0.4726722694434967
1710,0.4612295947368277
1711,0.6706902574188646
1712,0.46193849874070375
1713,0.6090512746591134
1714,0.5755971983729
1715,0.4452072619595942
1716,0.5596096244474943
1717,0.5279509375687869
1718,0.6519047407069457
1719,0.5529675006356765
1720,0.4976663761240892
1721,0.4759780481353723
1722,0.5998476864662174
1723,0.5140186727161132
1724,0.4851626047504306
1725,0.6495430565533838
1726,0.41781839003447335
1727,0.44697518417393456
1728,0.6572777872604763
1729,0.7068023479248696
1730,0.5192424683195059
1731,0.4217341342041096
1732,0.4189834135679732
1733,0.496350919288666
1734,0.6094929185391752
1735,0.4086778472340098
1736,0.6171933530460774
1737,0.5456088162105236
1738,0.5615336112518199
1739,0.386280209507751
1740,0.5760304961115086
1741,0.41116177611053234
1742,0.5155408597514494
1743,0.45297224350965043
1744,0.4980365528594795
1745,0.5673580889469032
1746,0.48188857723891076
1747,0.6225371411235214
1748,0.5806983897652714
1749,0.4835161536571014
1750,0.5468397661950856
1751,0.4099923573138232
1752,0.530268185899177
1753,0.507793751123895
1754,0.5007379611559877
1755,0.568746896566037
1756,0.5024642128101563
1757,0.5686560238776103
1758,0.6064305506579448
1759,0.6342817969713187
1760,0.5294663415764261
1761,0.49051560771992353
1762,0.4716006838688552
1763,0.45184473999066616
1764,0.5201184912197222
1765,0.5493040249807647
1766,0.41932136652784646
1767,0.46538585089887724
1768,0.5797550114880654
1769,0.5518624293322008
1770,0.555799765038595
1771,0.5515368014290081
1772,0.43945742272861005
1773,0.571349399419986
1774,0.49720080863305594
1775,0.3941762218416722
1776,0.7222548462554905
1777,0.5746603216689679
1778,0.47603707147380675
1779,0.5930698598113457
1780,0.49412046872723364
1781,0.4670632579196767
1782,0.4869087694619675
1783,0.49997002381728217
1784,0.6106856202844371
1785,0.5711226062855889
1786,0.5480460918578033
1787,0.45056642461540597
1788,0.48701379705985787
1789,0.5673701860084056
1790,0.34301186510759446
1791,0.5280550411393892
1792,0.5852241204934872
1793,0.5093608561973031
1794,0.4724740615826895
1795,0.5662284898248295
1796,0.4427210112536423
1797,0.5282999501759819
1798,0.5495850103645752
1799,0.48102204853408087
1800,0.528299527466613
1801,0.581056766208854
1802,0.32978264192121853
1803,0.4634705135401812
1804,0.4435035641775376
1805,0.4150541530922607
1806,0.5396741945937359
1807,0.62033087667694
1808,0.6281151795656662
1809,0.6101179301304115
1810,0.4140671500703631
1811,0.5231363426535827
1812,0.6188576517707945
1813,0.461746381188226
1814,0.48266803098524325
1815,0.5606973182551775
1816,0.34403471779589145
1817,0.5548088482628094
1818,0.6988874915128299
1819,0.5245180845935123
1820,0.4768728661095312
1821,0.5807867763205687
1822,0.39447012097682854
1823,0.36378239698257314
1824,0.549720084858291
1825,0.47550365250337284
1826,0.3386981284096716
1827,0.4758325388387002
1828,0.48598343751674833
1829,0.34756991350319505
1830,0.5258673001329451
1831,0.5265403193421269
1832,0.49246419739180947
1833,0.5145741697103885
1834,0.4920519677514161
1835,0.6790545287972253
1836,0.47868554697156585
1837,0.4318654531948309
1838,0.511991705226023
1839,0.39548470038896577
1840,0.5584311229958304
1841,0.6209807519781404
1842,0.43268944574158774
1843,0.629752768182544
1844,0.45022676527830885
1845,0.7435974076122328
1846,0.44821646201091536
1847,0.6558061406596515
1848,0.48927698333708064
1849,0.5877233333477789
1850,0.49868314228200644
1851,0.7515201802141139
1852,0.5061010301391968
1853,0.5522969989522302
1854,0.5802628902573223
1855,0.5737215562814567
1856,0.6389099998931048
1857,0.5600741594877604
1858,0.7009446779304296
1859,0.697023047727309
1860,0.568220013174653
1861,0.6465415215402576
1862,0.4482275724814404
1863,0.5609769300552108
1864,0.5277226476308042
1865,0.5278967224878781
1866,0.48639034077598653
1867,0.4515334989137415
1868,0.5288403516882569
1869,0.5458361315518817
1870,0.644333642566391
1871,0.5003562499494959
1872,0.47400879671904883
1873,0.5397874381691788
1874,0.4759626228072084
1875,0.5832815259054098
1876,0.5908832236811721
1877,0.43160288273330805
1878,0.6277230704007948
1879,0.44672972902952607
1880,0.5215235929894687
1881,0.5282151538709727
1882,0.6108513455599578
1883,0.6429877431671697
1884,0.5675270426286626
1885,0.4694289209295957
1886,0.5231106862614686
1887,0.44074774965399094
1888,0.6057737868860118
1889,0.6779931612328908
1890,0.40463241446433246
1891,0.42364476020242425
1892,0.6174761075039465
1893,0.4081035399561869
1894,0.5638850862169086
1895,0.3870366494552844
1896,0.6545779351149125
1897,0.5188598408538023
1898,0.5230710392363105
1899,0.3624352934814894
1900,0.4758898464703535
1901,0.4028487558667263
1902,0.5628217460277899
1903,0.5122506985915745
1904,0.5118902130821562
1905,0.4201337093600601
1906,0.5136109306668794
1907,0.48483204732545904
1908,0.6693657872312238
1909,0.5026488872823107
1910,0.5618994337640542
1911,0.5345866794536442
1912,0.371852825533938
1913,0.5149586794843832
1914,0.4199957349972
1915,0.5976057927306666
1916,0.4710052037575786
1917,0.5187462007973151
1918,0.6551198858721241
1919,0.6691340357398945
1920,0.504718126961205
1921,0.5297618905799947
1922,0.6207791981642197
1923,0.5166736477705762
1924,0.5865951610813092
1925,0.4646692134876863
1926,0.5337337975037383
1927,0.611339745295085
1928,0.4387692487837435
1929,0.6033151626266143
1930,0.544697340195801
1931,0.6998284688390941
1932,0.5357612634357576
1933,0.5345221439347935
1934,0.521681646000887
1935,0.458230096084039
1936,0.4836623806589444
1937,0.61107012127949
1938,0.6351609640661583
1939,0.5286819217417781
1940,0.4651977883417091
1941,0.49167979237091913
1942,0.4437566553392679
1943,0.5298505899374671
1944,0.607062308432409
1945,0.6356487856487784
1946,0.6067713613829362
1947,0.4933554454642815
1948,0.5012892305519412
1949,0.5083925649485731
1950,0.6850180478094845
1951,0.5452214913813457
1952,0.5614811338156795
1953,0.4971277758714585
1954,0.4694301548870623
1955,0.6094951450090457
1956,0.571352734518399
1957,0.5140207622031597
1958,0.4394277404986002
1959,0.7576050750758829
1960,0.46738035387036714
1961,0.47743174333576216
1962,0.48719755343769
1963,0.5417821260354737
1964,0.4999557178691258
1965,0.6116111398635748
1966,0.5684522237583286
1967,0.38631095616432887
1968,0.4665909154060229
1969,0.5022877439418812
1970,0.6770993934822258
1971,0.5163573287792429
1972,0.6005116572023472
1973,0.4478905523308277
1974,0.6221391918457805
1975,0.5087692768824578
1976,0.5869624674192632
1977,0.49199340754450344
1978,0.5911533063879385
1979,0.4300166081219259
1980,0.49264350478371055
1981,0.41575881052275926
1982,0.5465852157560431
1983,0.49906601452053695
1984,0.42290530945519567
1985,0.5659427500772006
1986,0.5651035443855059
1987,0.47938153155183894
1988,0.6721039702983795
1989,0.5324798068475002
1990,0.49132292649270404
1991,0.48392247583801373
1992,0.5655167913469556
1993,0.6621882823763945
1994,0.38940300969052083
1995,0.5734775813704887
1996,0.4671971110251121
1997,0.42826765478103906
1998,0.5520795250684237
1999,0.5855432754567408
2000,0.4141321601679383
2001,0.47307826043442136
2002,0.42115447864101674
2003,0.5269680036621786
2004,0.4851979277540226
2005,0.42295863617473023
2006,0.46618635369447536
2007,0.46403818527649265
2008,0.5658250234659864
2009,0.5076520718356434
2010,0.6202072206578433
2011,0.5054630519813113
2012,0.3518556025545362
2013,0.5561452079465042
2014,0.565802631607011
2015,0.7590579252030804
2016,0.5781798035302776
2017,0.5116438404945596
2018,0.35022263179773844
2019,0.5178224743494968
2020,0.47260708370428733
2021,0.5848146163741991
2022,0.5149891009320022
2023,0.616217894679253
2024,0.42773704817120306
2025,0.4078807825605266
2026,0.5987007592817842
2027,0.5956959367730733
2028,0.6220766700972069
2029,0.5365100039681435
2030,0.4994829243586601
2031,0.5300632039355131
2032,0.4337125491042117
2033,0.5332485464703988
2034,0.43626564921527944
2035,0.5001007836454611
2036,0.5016668052419345
2037,0.3297968525462433
2038,0.7816211733094244
2039,0.5241146307970863
2040,0.4638466629025722
2041,0.530646421305366
2042,0.4324783663255434
2043,0.5095766867668307
2044,0.4977179230203292
2045,0.50214940951536
2046,0.5729522504811456
2047,0.5600298790432446
2048,0.4632376768675907
2049,0.6137939731955382
2050,0.44965254169533664
2051,0.6984034311217889
2052,0.49475598645782654
2053,0.6523481788895424
2054,0.6330455416824271
2055,0.48820548886129894
2056,0.54060681527474
2057,0.535979146387858
2058,0.41210091616901817
2059,0.6709616357756425
2060,0.5642344834714245
2061,0.5735996120953173
2062,0.522816277657679
2063,0.5255706525992694
2064,0.7370287342888001
2065,0.40642165246119044
2066,0.4593552434012116
2067,0.5598568541513065
2068,0.5382375928145913
2069,0.39735959160782724
2070,0.5191066928297144
2071,0.48757882736490804
2072,0.43476550556846855
2073,0.619424545436544
2074,0.5206786202845715
2075,0.6028994038959776
2076,0.5476094429298171
2077,0.5095855086190291
2078,0.511748457739089
2079,0.6379657391534859
2080,0.6234626726320724
2081,0.6711050944473242
2082,0.5091854542056955
2083,0.4210728499289975
2084,0.6622603224323513
2085,0.615220948494138
2086,0.5883483302665731
2087,0.6003635848191278
2088,0.43370918133733066
2089,0.40279668607569097
2090,0.4659085014741502
2091,0.5320880740527948
2092,0.4496588750264353
2093,0.43112659301292827
2094,0.6308030116146667
2095,0.4249565654163607
2096,0.7488201067067003
2097,0.45254747179641963
2098,0.5264353461541297
2099,0.44697294927399256
2100,0.5167250185976705
2101,0.5867518083994793
2102,0.5697143913575473
2103,0.5309674874649569
2104,0.5117527648975098
2105,0.5129497282759513
2106,0.49007179484963503
2107,0.6539228393730963
2108,0.5838707928411884
2109,0.5319688900779054
2110,0.46325496014534145
2111,0.5142067048193917
2112,0.6005210206522348
2113,0.5979369773249303
2114,0.5046548858578679
2115,0.4369851501954014
2116,0.594667262776896
2117,0.5835826883573625
2118,0.5250206476085534
2119,0.4694744742725782
2120,0.4848808703327802
2121,0.48497784760273177
2122,0.4284504327966289
2123,0.4723458797442353
2124,0.585649778294416
2125,0.4029656791345248
2126,0.6443385084039668
2127,0.4457464701032669
2128,0.4460060483827723
2129,0.4967361961483733
2130,0.5406006475472426
2131,0.7553620909853768
2132,0.6507983067884808
2133,0.4694134431809472
2134,0.4920442453406725
2135,0.40816949515962875
2136,0.3659201043442219
2137,0.6052902507668915
2138,0.609211331150137
2139,0.7210876156422371
2140,0.6502993526351553
2141,0.5499839132905224
2142,0.5831337697105562
2143,0.5909004910197705
2144,0.7158037096962845
2145,0.42420836337765155
2146,0.5778824733938379
2147,0.5968922145192654
2148,0.5439656084675922
2149,0.5623331209334798
2150,0.3557611014853578
2151,0.5259250075066269
2152,0.4674424058779633
2153,0.5150550993721624
2154,0.4679907993258651
2155,0.3926726246403186
2156,0.6258936595669561
2157,0.41508905390115836
2158,0.5699650053574009
2159,0.5255843010859202
2160,0.5744037450377169
2161,0.6919913680250674
2162,0.4932763883009891
2163,0.41734605017423476
2164,0.4969767608646404
2165,0.4122102675702486
2166,0.5492783309521305
2167,0.46197024336801207
2168,0.5595158245133532
2169,0.5592561833339177
2170,0.402064281716104
2171,0.5721240199537977
2172,0.4219036728588126
2173,0.37717482485486825
2174,0.47341125187412825
2175,0.45627507385716065
2176,0.55817847393232
2177,0.6564426350881415
2178,0.6300045705283154
2179,0.6662742776257427
2180,0.44750706901446957
2181,0.6698473631080691
2182,0.5067164415433383
2183,0.6286090750147956
2184,0.33721233502214387
2185,0.5449689681682449
2186,0.4913391482086344
2187,0.6108207937464349
2188,0.5806455099481406
2189,0.4802648474681252
2190,0.48240988277276503
2191,0.4070725098521411
2192,0.3471960971337196
2193,0.39889842797070657
2194,0.442046731599454
2195,0.5025487196190092
2196,0.5165218497266314
2197,0.4870057632853593
2198,0.5322283535200629
2199,0.5907569346678623
2200,0.4813198739089148
2201,0.4509394244717501
2202,0.480494314309297
2203,0.5369063976889973
2204,0.585419126449013
2205,0.5885479139360391
2206,0.5038609232163551
2207,0.6665970422982542
2208,0.5657559019234175
2209,0.47817967727137495
2210,0.6012749478534241
2211,0.4419643770193139
2212,0.5700901378689377
2213,0.4397932129495767
2214,0.4811838311231953
2215,0.4708396635795463
2216,0.4929176304408948
2217,0.4695197157522418
2218,0.4688173937842005
2219,0.4915740636329198
2220,0.6016128399326091
2221,0.5682856865385967
2222,0.6002959451925387
2223,0.6014184480161974
2224,0.5543923692873104
2225,0.5679094900324877
2226,0.6307703087515968
2227,0.4168070769405285
2228,0.4796539551646494
2229,0.4373852448848489
2230,0.4252593895506861
2231,0.46801902464969847
2232,0.6320425835004365
2233,0.5778388218393575
2234,0.4866620051920703
2235,0.5578083265068987
2236,0.5095580730114898
2237,0.5537569959169694
2238,0.5692017406176548
2239,0.6204390221890841
2240,0.6154727454475942
2241,0.5443504832887298
2242,0.41927700642764704
2243,0.44586822221139033
2244,0.6404908590574533
2245,0.41282977254320663
2246,0.5303261746643978
2247,0.6480342554095393
2248,0.5930104772446751
2249,0.6073189103212597
2250,0.4682639905659553
2251,0.44677159530877636
2252,0.5811439257718188
2253,0.5845438011175463
2254,0.45217186921666697
2255,0.6187757657023426
2256,0.4572662904406789
2257,0.5770084771281672
2258,0.4427219899368289
2259,0.42155487619564164
2260,0.48207021209066087
2261,0.6662744482254179
2262,0.555473493583374
2263,0.4040872718588628
2264,0.4847378606786285
2265,0.5293035901761767
2266,0.5058250562675253
2267,0.5650500154955256
2268,0.5118796876544
2269,0.509388049241209
2270,0.41601497743193083
2271,0.5311155641885602
2272,0.6648544551852582
2273,0.3604282181632403
2274,0.5460751591323926
2275,0.4461733797399499
2276,0.6288926135093151
2277,0.520513469061754
2278,0.44993698262191323
2279,0.6005683084570558
2280,0.5777667930324951
2281,0.5304807992981988
2282,0.431763849238685
2283,0.5711255560851975
2284,0.5279664905767575
2285,0.6596652371924597
2286,0.4104091451026125
2287,0.5586643239078162
2288,0.46848990086823916
2289,0.69447335232803
2290,0.5119036021567168
2291,0.5230140369264414
2292,0.5729505799177199
2293,0.5886097125667619
2294,0.42175428154690775
2295,0.5205165016496506
2296,0.5834551114681129
2297,0.48303115634188004
2298,0.5470875424803973
2299,0.5200991726445131
2300,0.40914929918231574
2301,0.5173650115372295
2302,0.6426490125586424
2303,0.4834719195725474
2304,0.5568779088822826
2305,0.5740813487198761
2306,0.5479379242639489
2307,0.5489279111811056
2308,0.5627060119977757
2309,0.6464866070526935
2310,0.4780022249060617
2311,0.5065781529933705
2312,0.5475167303632799
2313,0.5645612645733322
2314,0.5256263815426954
2315,0.4816752162409695
2316,0.43463670323213527
2317,0.4749801412190725
2318,0.4634618834491587
2319,0.4716875209838919
2320,0.4335004557021102
2321,0.6524105370467577
2322,0.4640533466005678
2323,0.4696381829640124
2324,0.5451726864080242
2325,0.5167758677919587
2326,0.5960118884849543
2327,0.5440342936395612
2328,0.5358954605598991
2329,0.542707028096863
2330,0.3650306132993078
2331,0.4636466752158731
2332,0.35396824490112694
2333,0.5688973391447998
2334,0.49415780477395915
2335,0.6333787747081141
2336,0.49929498121876326
2337,0.493924181782109
2338,0.5971887917204707
2339,0.5035059624252335
2340,0.6360285532556514
2341,0.4899895974257908
2342,0.371832819478281
2343,0.6009786705001336
2344,0.5787920621496867
2345,0.5064780921092856
2346,0.4275889707064366
2347,0.4891364100488916
2348,0.42728831827549585
2349,0.6259983051767322
2350,0.539749148659953
2351,0.5330068425077181
2352,0.6630105139451563
2353,0.5154489171621389
2354,0.5905841890576939
2355,0.4550217446463528
2356,0.4619217287215685
2357,0.46023809465689347
2358,0.5135826765561126
2359,0.5027728743092075
2360,0.5031959846600952
2361,0.5862255932741356
2362,0.5657959845808974
2363,0.4375003407223612
2364,0.3355521175860409
2365,0.5460992591611966
2366,0.6159157877271636
2367,0.5266318325732824
2368,0.5340114468716648
2369,0.4105736184510917
2370,0.4942710173209566
2371,0.4982656239682899
2372,0.6691624422162706
2373,0.5380089156644005
2374,0.5340669296227065
2375,0.4663607649852202
2376,0.6225356458715398
2377,0.5123993311897839
2378,0.45268806267305545
2379,0.47472268371964854
2380,0.5310272430974693
2381,0.48250742024681814
2382,0.530901029770759
2383,0.45812086195335777
2384,0.49205442688629497
2385,0.6085206089481713
2386,0.6397404978721628
2387,0.5086633281414912
2388,0.5845488084090931
2389,0.6035161009039848
2390,0.500522313782949
2391,0.504809787843401
2392,0.4520095053023652
2393,0.6305459416216104
2394,0.7052941675168696
2395,0.4540503679067985
2396,0.6313280901460325
2397,0.6209446193864403
2398,0.511607258545126
2399,0.44906170190122613
2400,0.5305640912072193
2401,0.4926642663492828
2402,0.5612249557159117
2403,0.4197198005335466
2404,0.5482426763845882
2405,0.5798316726696979
2406,0.4793301539923809
2407,0.5508885825310904
2408,0.39514345462392153
2409,0.6271360855690666
2410,0.4483914758351485
2411,0.5318229318710817
2412,0.7346315042957281
2413,0.7046907152928112
2414,0.6638404925083872
2415,0.5577108701259059
2416,0.6140866975133505
2417,0.5910566702552795
2418,0.4200890480021298
2419,0.4892380757921875
2420,0.7020612694957714
2421,0.6438396544457776
2422,0.6571222804071631
2423,0.3950855181732088
2424,0.5935541122056158
2425,0.4711770925561485
2426,0.5042055545624109
2427,0.46266232824581993
2428,0.5953723476600778
2429,0.457735752288379
2430,0.4376836178152454
2431,0.5717234694557721
2432,0.4643684455506613
2433,0.5012403319979777
2434,0.45565043631357877
2435,0.5108790386939843
2436,0.5600895723062391
2437,0.5273513748394817
2438,0.6005391437139014
2439,0.6660669513192797
2440,0.4471351424274035
2441,0.530293560520205
2442,0.5486099815559434
2443,0.6438062485097532
2444,0.4972975716191574
2445,0.5132672017848672
2446,0.6295906172416165
2447,0.5043893946677389
2448,0.5918884923073776
2449,0.4148351094141015
2450,0.5436899160755135
2451,0.5719254612489378
2452,0.5913590266522682
2453,0.5854868007803661
2454,0.537898463209215
2455,0.42121763126693196
2456,0.4211700139466407
2457,0.5615815692589173
2458,0.5081222007832896
2459,0.49231771319657336
2460,0.47333874491510136
2461,0.43593400292725243
2462,0.5462498357243375
2463,0.477529432826798
2464,0.5442683802277305
2465,0.4687919717630909
2466,0.5561548964872146
2467,0.7442113883873044
2468,0.6302866692531989
2469,0.38990892982462827
2470,0.49669245540848445
2471,0.6186347073338114
2472,0.7297501623248973
2473,0.6115070719277861
2474,0.5760143977886585
2475,0.5047033085108332
2476,0.5446203126014703
2477,0.4049064529138552
2478,0.5722984953929803
2479,0.5289311825875103
2480,0.5380978017184024
2481,0.40710180782959027
2482,0.6185579066597662
2483,0.4889560941826833
2484,0.496422526801807
2485,0.618227700996542
2486,0.4509767912114153
2487,0.5501644444501584
2488,0.5477188057136877
2489,0.43110871721277166
2490,0.5444577848380561
2491,0.34889137382086477
2492,0.4110273462311563
2493,0.4804577569338455
2494,0.5065812960162371
2495,0.43016357361655616
2496,0.6135521616696743
2497,0.45535585761615827
2498,0.5681133619397505
2499,0.532020994165587
2500,0.588708262104835
2501,0.44933084801027157
2502,0.5817957501143678
2503,0.5896161701105409
2504,0.48620418584521047
2505,0.5885175733799268
2506,0.43246320679602995
2507,0.4725925229010805
2508,0.5833621189019687
2509,0.5895198971287914
2510,0.383508668455181
2511,0.4821003206810391
2512,0.5905092025947208
2513,0.5401071972423086
2514,0.5162114801321298
2515,0.6078346619483302
2516,0.5360105157720515
2517,0.5674500486425959
2518,0.7247503992348422
2519,0.4229397058493543
2520,0.5655704675245334
2521,0.4403041792124455
2522,0.47964154719876284
2523,0.5569427138709774
2524,0.6283338739658029
2525,0.4705369005842811
2526,0.4924302214093842
2527,0.466138120887203
2528,0.6010159805968823
2529,0.625626097461295
2530,0.5092487628029165
2531,0.542819555305111
2532,0.46638701770575436
2533,0.4158776710505561
2534,0.4757003030430631
2535,0.4651002705675108
2536,0.6145001209608278
2537,0.48291128312566206
2538,0.5756326099483364
2539,0.5295024137573299
2540,0.33562723828105734
2541,0.7098228531639671
2542,0.6222254525522795
2543,0.5356074157358188
2544,0.5217103282430454
2545,0.48945288670254133
2546,0.5130706045321808
2547,0.42803068054037713
2548,0.6368016604732039
2549,0.4877137618661643
2550,0.5681243389672569
2551,0.5789380856677465
2552,0.6179500016369399
2553,0.4823359036744934
2554,0.6360945395246929
2555,0.5428230652676352
2556,0.5235468034603352
2557,0.8093089939896457
2558,0.5209322841099346
2559,0.5070571043771541
2560,0.5017525042977995
2561,0.540358714572035
2562,0.42935831167398686
2563,0.5757561253155495
2564,0.5472309117966456
2565,0.37113664993121587
2566,0.48079127311681363
2567,0.5150561914861197
2568,0.4386237575051623
2569,0.5980849747017686
2570,0.39352250704101754
2571,0.40621420105186234
2572,0.6038121171377739
2573,0.4371299485331848
2574,0.41786699654194265
2575,0.4176483991384744
2576,0.6646977839305871
2577,0.5628561996070175
2578,0.6485570704356823
2579,0.6398080626260334
2580,0.6078631767261398
2581,0.45117384621580026
2582,0.5124971368377373
2583,0.5361083246847265
2584,0.6115270650177336
2585,0.5513215479046525
2586,0.5687882762412154
2587,0.5303552274356145
2588,0.4897543149436943
2589,0.37922360335972527
2590,0.5063459363883366
2591,0.5333034775821948
2592,0.5413777364756509
2593,0.4650409653984045
2594,0.547902062677997
2595,0.6520474184177568
2596,0.5982769308556724
2597,0.5284727257055623
2598,0.394440708526137
2599,0.6635721152024544
2600,0.5160321479072456
2601,0.5204569934395172
2602,0.5355452906177206
2603,0.49548651590381054
2604,0.5668911386361044
2605,0.4732921688823641
2606,0.46020830651067063
2607,0.41821333712909575
2608,0.4742507852433733
2609,0.5376422674201193
2610,0.39560622304978843
2611,0.5350856158355994
2612,0.5776881748051871
2613,0.507345934183127
2614,0.4646651608576504
2615,0.5877105523957326
2616,0.4965967501188609
2617,0.5314283607426732
2618,0.4427419931235503
2619,0.5101138123956804
2620,0.7166729109325797
2621,0.6536541473802003
2622,0.4748251787549699
2623,0.4921646774904238
2624,0.5605253837184636
2625,0.48124345233536
2626,0.55789760758226
2627,0.43518804591049226
2628,0.6376761439800741
2629,0.5449318078689133
2630,0.7382091670419733
2631,0.40494330204167966
2632,0.5173565978117306
2633,0.4825562418193624
2634,0.5807635209486176
2635,0.5732362624884112
2636,0.63209814953946
2637,0.5167851169680411
2638,0.5779959264744049
2639,0.5813981231404015
2640,0.5359842963032442
2641,0.5375170826337883
2642,0.5284153756731553
2643,0.5537970044239202
2644,0.5740863248769784
2645,0.5472301874232993
2646,0.45104664888015894
2647,0.3813695527102914
2648,0.4714731351422932
2649,0.41734993440552104
2650,0.6542362612632857
2651,0.43773803194369815
2652,0.6650081345580061
2653,0.35329206937900165
2654,0.4532749362139131
2655,0.5517618833176681
2656,0.5501487707783737
2657,0.6042984967116664
2658,0.3700893402250491
2659,0.6133828769970482
2660,0.40988314400782716
2661,0.5663059395169311
2662,0.5212681636886256
2663,0.6071045213053365
2664,0.6312660524652738
2665,0.5321173938302263
2666,0.5008469648598224
2667,0.6997677339507135
2668,0.4954795102043045
2669,0.5980713890582506
2670,0.46559964772309637
2671,0.4945745640645556
2672,0.5637798265672728
2673,0.6390301525748943
2674,0.3994042416955233
2675,0.44507718873899904
2676,0.5247472067169643
2677,0.5215695902454928
2678,0.4908648150367432
2679,0.6087512348230432
2680,0.5432559269785201
2681,0.44379411850938133
2682,0.44973853927637986
2683,0.5600898444246141
2684,0.44373627865563964
2685,0.4423965815347473
2686,0.562986533285546
2687,0.49044866723612934
2688,0.6466653424321522
2689,0.5074622640149138
2690,0.5272569971227175
2691,0.5087642216095593
2692,0.5819540050109798
2693,0.5369106811744749
2694,0.4344524357409241
2695,0.5065009966786789
2696,0.5155893633252805
2697,0.5306987191552986
2698,0.42104784095748365
2699,0.532638237982734
2700,0.6864035940223862
2701,0.40716572879291557
2702,0.4509420045757157
2703,0.7224533496708366
2704,0.6177261171134517
2705,0.5069270592092363
2706,0.4735119154235953
2707,0.4615408332113166
2708,0.5365508841642066
2709,0.5574067580961168
2710,0.5921486025834791
2711,0.5664474780104867
2712,0.5967020141126589
2713,0.6037619836979712
2714,0.543385613174518
2715,0.5177314558067785
2716,0.5212855016051005
2717,0.5606595342279437
2718,0.4615114649401236
2719,0.544341986230748
2720,0.504499275834364
2721,0.6138247133530935
2722,0.5029124395293051
2723,0.4500980002432419
2724,0.30352827392583087
2725,0.5185097387040154
2726,0.4882506266857025
2727,0.6129456673228116
2728,0.5957122543210208
2729,0.5172023321518643
2730,0.3792508527989939
2731,0.41687114689309024
2732,0.4465873741120412
2733,0.5611688672181393
2734,0.3738723583681465
2735,0.483021924056535
2736,0.5301963557405681
2737,0.6647372409271165
2738,0.6393176429589744
2739,0.6362902683742798
2740,0.6574884440457254
2741,0.4423183872698999
2742,0.49655349625769146
2743,0.5554828796720501
2744,0.43200414058128356
2745,0.5352832265199641
2746,0.6067440071222177
2747,0.6022165620889152
2748,0.6538291134635992
2749,0.46089310816255613
2750,0.5855905464116685
2751,0.48104315516122487
2752,0.4408779353947955
2753,0.40662922797686146
2754,0.5861582993677477
2755,0.5762444837134605
2756,0.5171654298248374
2757,0.34288615980096
2758,0.5396188021402704
2759,0.7458056103402083
2760,0.5123840476677077
2761,0.4279815477403535
2762,0.6287054463650127
2763,0.5064095957916125
2764,0.4189383706508429
2765,0.525746362620005
2766,0.42653639488547157
2767,0.5367202343436429
2768,0.5762570524669467
2769,0.5197346385277116
2770,0.4881076348634916
2771,0.30524845061897893
2772,0.45133972828432745
2773,0.6717546998380489
2774,0.6471976064588971
2775,0.5132611366430656
2776,0.5887052193826053
2777,0.4948969087085999
2778,0.5863403431893495
2779,0.480216081956885
2780,0.529647528666332
2781,0.5067966376053613
2782,0.4640786337861226
2783,0.5602606676646408
2784,0.5731558989994957
2785,0.4256891429086295
2786,0.44306492673827724
2787,0.711610538443673
2788,0.5874169971615703
2789,0.5022882577794576
2790,0.5810371579971167
2791,0.5725149726671374
2792,0.7322500013092463
2793,0.6442531654653761
2794,0.44531545580762877
2795,0.5693715810877147
2796,0.5583878858314844
2797,0.4488868882937969
2798,0.5379127154276879
2799,0.5744942237312045
2800,0.5642475995291019
2801,0.492625258270231
2802,0.6612383189203461
2803,0.6457298024911764
2804,0.4516091375832282
2805,0.5786359472174146
2806,0.4921352672224537
2807,0.48774194647040514
2808,0.48731198302924383
2809,0.5169142778794888
2810,0.5789953089475122
2811,0.5518178022039768
2812,0.529490352881337
2813,0.395633453492773
2814,0.3892762110059683
2815,0.5061500963246124
2816,0.7051378220652456
2817,0.5231643290606823
2818,0.45583476231369563
2819,0.5829294981649848
2820,0.6484281402689621
2821,0.6150942713838239
2822,0.4974143538558753
2823,0.5860803402148168
2824,0.5976225974907381
2825,0.6713079335991784
2826,0.6940825712022379
2827,0.5389696101632758
2828,0.4755811409030784
2829,0.5531405354224047
2830,0.5366489304213793
2831,0.5591650915181469
2832,0.56116137141733
2833,0.5940531750162655
2834,0.5738676030666792
2835,0.5194181402808491
2836,0.5765600949979859
2837,0.6936636987181601
2838,0.4951751212819222
2839,0.6336678912778267
2840,0.495832681756599
2841,0.4788253841322279
2842,0.4583560948848956
2843,0.5512379658767187
2844,0.4754588783713296
2845,0.5785185114127885
2846,0.4919506477565889
2847,0.4068398811575352
2848,0.49375403450123395
2849,0.5033492804348284
2850,0.670234795427099
2851,0.5074299140166465
2852,0.5677638811990098
2853,0.4670780061073312
2854,0.38610453109774834
2855,0.6168693864125069
2856,0.3601990237123711
2857,0.4668164037217854
2858,0.4068768489942094
2859,0.6424011009737246
2860,0.48554618504678887
2861,0.4121363773903114
2862,0.4239258168542813
2863,0.43215798786223214
2864,0.511691416756424
2865,0.44275804332037066
2866,0.4339196294896243
2867,0.4335464562889264
2868,0.579855237003261
2869,0.4897700864166153
2870,0.5649401870750272
2871,0.45136834217705124
2872,0.540049758244915
2873,0.3267270494327955
2874,0.674552330026274
2875,0.550521997107332
2876,0.6562912091037482
2877,0.5933058994290829
2878,0.6613938999458634
2879,0.37197369650037854
2880,0.48746173420923167
2881,0.5787146369764858
2882,0.6606378180805519
2883,0.5252745036642443
2884,0.4835559641776162
2885,0.5830754781712227
2886,0.44884798530346887
2887,0.6228345399367818
2888,0.6270607025004702
2889,0.5444481250844727
2890,0.49176857858453965
2891,0.5155363844428826
2892,0.4563922741980799
2893,0.5547245757177217
2894,0.42636459198360416
2895,0.4475196876452267
2896,0.5702755736391427
2897,0.48219587946967446
2898,0.7090123120293511
2899,0.5775333679678197
2900,0.6103145358418737
2901,0.6072868672049436
2902,0.5117322777822766
2903,0.6359092735286298
2904,0.4723367158820091
2905,0.5286687723752418
2906,0.592876414145174
2907,0.3561047851107309
2908,0.5577018517536861
2909,0.44770605525722634
2910,0.6461581269614965
2911,0.5491533231973166
2912,0.49850679031149675
2913,0.5242882455877602
2914,0.5832359663602481
2915,0.4045829986912978
2916,0.5039352302349318
2917,0.5183480100205476
2918,0.4883141989727169
2919,0.5744428727655357
2920,0.49730402543034796
2921,0.5694046997014812
2922,0.5292708657648225
2923,0.5138208862843806
2924,0.651503326962119
2925,0.6501334654639894
2926,0.5301248267632709
2927,0.586937149016427
2928,0.43393138231661305
2929,0.4939469263438387
2930,0.41659795218676876
2931,0.6156024645379062
2932,0.5727519419275275
2933,0.5111970338727809
2934,0.5680298009886923
2935,0.5015064290035113
2936,0.5209562447307273
2937,0.42719534117630614
2938,0.5262968104857959
2939,0.5654327656731369
2940,0.5557681197169401
2941,0.5263490283110037
2942,0.42841007454110436
2943,0.5140604441218454
2944,0.5008714412589919
2945,0.36515820116941505
2946,0.6851841733982065
2947,0.500505433970105
2948,0.5297864763775896
2949,0.42310991048932456
2950,0.6056549804294912
2951,0.4875567871400524
2952,0.5334022574878344
2953,0.4538267601779898
2954,0.5204105421446333
2955,0.45477916670550705
2956,0.6241262947522039
2957,0.5183430519783883
2958,0.4483860354608916
2959,0.5227781179057757
2960,0.5658400203467717
2961,0.43261162331993896
2962,0.4884587964127378
2963,0.426821238728049
2964,0.5919462946943647
2965,0.47571174738950334
2966,0.5359240444497912
2967,0.4406742927096265
2968,0.4830072940675934
2969,0.6096266814481394
2970,0.6873958489714537
2971,0.4941560257839488
2972,0.4989993660854755
2973,0.42666293408946904
2974,0.6019376473604854
2975,0.5353947300481319
2976,0.6980692111323754
2977,0.45388201856587157
2978,0.4635068692894177
2979,0.5619638943854568
2980,0.5405828192463615
2981,0.5106090493274261
2982,0.56802885872471
2983,0.6256369969984132
2984,0.48849945696879665
2985,0.5688524635944878
2986,0.6183506875890871
2987,0.4429430999534377
2988,0.5054684375305775
2989,0.4411148464952196
2990,0.43516689148343407
2991,0.6836681861229155
2992,0.41520911786019676
2993,0.5775859551246226
2994,0.5187581559603887
2995,0.4414719722617849
2996,0.4689221749812811
2997,0.4277203593046416
2998,0.5677923070392252
2999,0.4238942399910586
3000,0.5947149197683238
3001,0.5525206320885886
3002,0.45438068755160727
3003,0.574190374122599
3004,0.5235200440946864
3005,0.593986859133033
3006,0.40080509493866223
3007,0.5492031774716741
3008,0.5220136586768552
3009,0.5023025159336454
3010,0.5984646159254005
3011,0.564849353360767
3012,0.6467619053345353
3013,0.6667250064508894
3014,0.5174528136947965
3015,0.6190694842849339
3016,0.469234161037484
3017,0.420910231427393
3018,0.633137532292539
3019,0.3930201642257028
3020,0.4567872552429389
3021,0.5447479084725811
3022,0.6058011967692928
3023,0.38837321483554377
3024,0.5310487228477732
3025,0.5302514212519408
3026,0.5403745075376517
3027,0.44210959713738884
3028,0.48427870915566895
3029,0.6569094715225396
3030,0.515822533497683
3031,0.5019334538770251
3032,0.5029189218235891
3033,0.575035333467504
3034,0.4773755018457406
3035,0.5430480343779838
3036,0.6133829016575659
3037,0.6489485595123206
3038,0.5526940682704486
3039,0.4459865123833953
3040,0.5360100972162803
3041,0.5037470201284575
3042,0.6649313535011133
3043,0.6097643341042946
3044,0.42169275984617977
3045,0.5575332070181693
3046,0.6137587851844976
3047,0.4757706605310428
3048,0.6376720709409953
3049,0.623032038884511
3050,0.4537047217861828
3051,0.4844700460898988
3052,0.6261864063251129
3053,0.4100895583963406
3054,0.6021652928397337
3055,0.6046547102363584
3056,0.46251475526932223
3057,0.6349497158904109
3058,0.5780551844149701
3059,0.41388850199417465
3060,0.5759956696059805
3061,0.5750038489278472
3062,0.6867865529073489
3063,0.617971099162483
3064,0.4586180116753894
3065,0.5271168185937741
3066,0.4324049555115425
3067,0.5355490635327027
3068,0.5460452076959359
3069,0.4374587950372573
3070,0.4567440661166996
3071,0.44175551718213235
3072,0.48057364812760356
3073,0.49440253557965436
3074,0.4518747286023039
3075,0.5354049529980401
3076,0.6360577569841306
3077,0.4461888768845533
3078,0.5355157529524301
3079,0.5019685106422302
3080,0.6081051802667041
3081,0.47461830899804824
3082,0.48023433138929605
3083,0.3286864592485135
3084,0.4046861863984076
3085,0.3490837600538928
3086,0.5702273292296138
3087,0.553940555652131
3088,0.6691818685764891
3089,0.554436129174715
3090,0.432545243301431
3091,0.3911026462655934
3092,0.5341647005698373
3093,0.4969046240924291
3094,0.6235819825490685
3095,0.5000244079239293
3096,0.572157779215266
3097,0.5874476938329404
3098,0.4394050512596815
3099,0.3657611948631869
3100,0.4526304280899086
3101,0.5157974971747971
3102,0.574964592378909
3103,0.5600914282493384
3104,0.4033133127995176
3105,0.663144723647979
3106,0.6801933316469501
3107,0.5381131363660984
3108,0.4470888661900886
3109,0.6087008081906488
3110,0.6579475943430605
3111,0.5861260564716104
3112,0.4868908189940968
3113,0.4839802679644446
3114,0.47820198385321544
3115,0.41768988413091956
3116,0.5982593576840277
3117,0.4852776418673224
3118,0.5622923962165838
3119,0.39904933474715665
3120,0.4791738690308055
3121,0.5156151555579207
3122,0.4979150129833344
3123,0.5917688412158649
3124,0.4470628752388917
3125,0.49340251680431707
3126,0.557250076431284
3127,0.3485157102717703
3128,0.6795839910803848
3129,0.4411971013596698
3130,0.4861599947057426
3131,0.39988465011843954
3132,0.49065175565118185
3133,0.6039624301533657
3134,0.5435606739107883
3135,0.4476018191505936
3136,0.518898520140977
3137,0.463944832679626
3138,0.4678689278624173
3139,0.38006472448526246
3140,0.5145852441481902
3141,0.42273645750810884
3142,0.4258424445122934
3143,0.6058192524773968
3144,0.4776847257093708
3145,0.4695064580061508
3146,0.6723159213411621
3147,0.5827575900032761
3148,0.5131581697508428
3149,0.6122685616189905
3150,0.4460099827949208
3151,0.5484531767187657
3152,0.5065925154556078
3153,0.3289165954029386
3154,0.56092690388979
3155,0.5577230004886169
3156,0.6083382561447764
3157,0.5609641684162147
3158,0.7235369087295193
3159,0.4833457645731105
3160,0.6636571279756612
3161,0.4121666644615511
3162,0.4385557218816749
3163,0.3973488387716581
3164,0.4344040803009603
3165,0.507923590740557
3166,0.4834710707509625
3167,0.38997853015834416
3168,0.516989936606305
3169,0.48019119472897454
3170,0.5155812596935104
3171,0.56787120149396
3172,0.5354183432438888
3173,0.4829046490391604
3174,0.5227777500868406
3175,0.4082796442419622
3176,0.3784179025489866
3177,0.6315880489194048
3178,0.5502440645198723
3179,0.40317300236268827
3180,0.6419964006077201
3181,0.493356601157629
3182,0.4089517141773298
3183,0.4903615143012162
3184,0.6476545148367558
3185,0.5493119916024839
3186,0.5989622964958566
3187,0.6406955951056281
3188,0.5212466646734865
3189,0.4089433695418253
3190,0.7131799042375786
3191,0.46524791474798427
3192,0.6006485107012031
3193,0.5526545912471374
3194,0.5154196289748307
3195,0.6181441574523597
3196,0.4971599101483644
3197,0.5614575984005586
3198,0.40676671064796216
3199,0.5835135862038227
3200,0.5200737610096374
3201,0.4114395392859581
3202,0.5454831980474086
3203,0.5929740112420271
3204,0.580439612465816
3205,0.5512652603482266
3206,0.48464032369616983
3207,0.5670626112733248
3208,0.5157646330019192
3209,0.4460158420850264
3210,0.3980700267153294
3211,0.4741377888685363
3212,0.615112911360608
3213,0.5238841909600729
3214,0.6450793948286333
3215,0.36406977757230435
3216,0.6063702585452893
3217,0.43169712078600114
3218,0.5590757075648817
3219,0.4164893372660618
3220,0.5127731039666923
3221,0.530430099824017
3222,0.4929201986140384
3223,0.49123396003328146
3224,0.6138431430568013
3225,0.630633388382931
3226,0.5100673680701561
3227,0.5903062485028532
3228,0.4828687146836327
3229,0.5193391774472277
3230,0.36430236763573154
3231,0.662882527598218
3232,0.49813147058303864
3233,0.7505286749492497
3234,0.5443377601801002
3235,0.5859525186183706
3236,0.45040969109584955
3237,0.5154008130750383
3238,0.48861125107726877
3239,0.4166684015027767
3240,0.4472119132170784
3241,0.5469451915097133
3242,0.6825205814152044
3243,0.5044630930311599
3244,0.5811446765909554
3245,0.5629928991487702
3246,0.42647994069564027
3247,0.42810871464101613
3248,0.5315378062064239
3249,0.4022328872402242
3250,0.507061639770196
3251,0.5656890916174178
3252,0.5309627229716598
3253,0.3735993554199451
3254,0.4522877495305669
3255,0.4612254299702728
3256,0.5954513706379291
3257,0.6080524309581875
3258,0.4592882397400104
3259,0.5194056813985665
3260,0.4975827386133335
3261,0.6276873699593328
3262,0.47258596501481315
3263,0.45925281498997894
3264,0.5406063980513277
3265,0.48136865429491066
3266,0.474890132379697
3267,0.42301358348633156
3268,0.4351276023678133
3269,0.46173438984079873
3270,0.5913209250292755
3271,0.5926051257224644
3272,0.5891127445543981
3273,0.6896808445218737
3274,0.5765725417443521
3275,0.5982760867102687
3276,0.3229688574433501
3277,0.45626664128966
3278,0.3980145303903551
3279,0.49084172022339667
3280,0.42236539404000856
3281,0.4674694532027304
3282,0.5630105177847848
3283,0.364091848083512
3284,0.5013240404519843
3285,0.6625887996305161
3286,0.49757020943413865
3287,0.521514680879414
3288,0.5570883168344918
3289,0.5061896295581183
3290,0.5115848194676408
3291,0.4840162628189689
3292,0.5962847815639967
3293,0.543810785153018
3294,0.5838190079453998
3295,0.5961757775435976
3296,0.41271207350667716
3297,0.45048530261787323
3298,0.6660847768818084
3299,0.5235240990670795
3300,0.40857718484574995
3301,0.4983532884809632
3302,0.6203379088836815
3303,0.4824828631625284
3304,0.4431312099389861
3305,0.45382602390953347
3306,0.5437619042735726
3307,0.42188966849147125
3308,0.47997141579246627
3309,0.40145408368685115
3310,0.7659100886245869
3311,0.5424300343777849
3312,0.480767494265192
3313,0.722793358005755
3314,0.6208634551778227
3315,0.6324442471577485
3316,0.5729799721838805
3317,0.5339132253961559
3318,0.639906821547635
3319,0.4979677696461009
3320,0.6591243567398343
3321,0.43033961035287327
3322,0.5183051468647631
3323,0.5118107853094378
3324,0.5510635090178216
3325,0.462763804413042
3326,0.5018785288971784
3327,0.3405841594157585
3328,0.5137539784859714
3329,0.3632585064135639
3330,0.3680653069252981
3331,0.5547869915843254
3332,0.5153444469885666
3333,0.4465164994796488
3334,0.5412800047947207
3335,0.6143746664814129
3336,0.5526680467513724
3337,0.448785841149371
3338,0.5591869190629939
3339,0.5633300323056692
3340,0.45784176792183684
3341,0.697287616114192
3342,0.6317408356219377
3343,0.4037402784044767
3344,0.4491206930110294
3345,0.6041499691114142
3346,0.4065370313397352
3347,0.615586726234394
3348,0.4667851505986009
3349,0.4873356309773371
3350,0.5038162486933828
3351,0.484247961195982
3352,0.7276694377079149
3353,0.5380123201287869
3354,0.5024767760111656
3355,0.6932662249513577
3356,0.314200846241128
3357,0.5317396217039666
3358,0.59582662820702
3359,0.6331840023815705
3360,0.3529899994852069
3361,0.5154016533964768
3362,0.5105211187356204
3363,0.639645275911428
3364,0.6473838539890667
3365,0.47087306401336815
3366,0.3996147143484662
3367,0.589227436672399
3368,0.4897569983625881
3369,0.7050210387717496
3370,0.4494640793535632
3371,0.6760105423371026
3372,0.5934488832319655
3373,0.46273955164718766
3374,0.521407790570913
3375,0.4739943782740716
3376,0.5621484315911464
3377,0.46824698241929125
3378,0.7001341725449106
3379,0.6125095555936763
3380,0.5240646364203249
3381,0.34189673510114704
3382,0.5009487198137129
3383,0.509418945083354
3384,0.4486297038934367
3385,0.5573711583046397
3386,0.5464277707321805
3387,0.46678409087993583
3388,0.6576912028038508
3389,0.49858606862142973
3390,0.5589342023212037
3391,0.46586329781189456
3392,0.6605514733458726
3393,0.4739277153702785
3394,0.49711830500002263
3395,0.5023933360738944
3396,0.4139312309762509
3397,0.4847447942698235
3398,0.4680733309348815
3399,0.5718014177286384
3400,0.44361654373302134
3401,0.46944763318457444
3402,0.5748511325160415
3403,0.5693721976416818
3404,0.43084150794949233
3405,0.4449419015381557
3406,0.3971080944686953
3407,0.5776050658619911
3408,0.506688747268709
3409,0.44124524122051995
3410,0.5891432792822959
3411,0.4436086940491205
3412,0.48198832616555015
3413,0.38557882642348107
3414,0.5549526466688319
3415,0.4976903868945556
3416,0.6235984658381241
3417,0.556866967186043
3418,0.5139457972902665
3419,0.5446665613989133
3420,0.6677501773549109
3421,0.5582864016957441
3422,0.5897427081769181
3423,0.3968611790832148
3424,0.557415157269685
3425,0.5282401818805426
3426,0.487019758186806
3427,0.4815711648297243
3428,0.38683969612914043
3429,0.5407601776810412
3430,0.5431064927774749
3431,0.5665504325161327
3432,0.5480194150648451
3433,0.5011042798596537
3434,0.48160521338490103
3435,0.5164782823272057
3436,0.5535739106970572
3437,0.35174501810740955
3438,0.49732942592647855
3439,0.48498119154972386
3440,0.6144207678868243
3441,0.613432847337964
3442,0.5159770381601031
3443,0.40383308327610545
3444,0.5235999384851281
3445,0.603688745869919
3446,0.4764034193047402
3447,0.3623308773332896
3448,0.6720756185041615
3449,0.5506632506375272
3450,0.44073191132034856
3451,0.5990436575108317
3452,0.3926507431854059
3453,0.562564572058936
3454,0.5055712075550255
3455,0.6408218449828532
3456,0.4148617729820809
3457,0.6054464343726361
3458,0.6194911898018786
3459,0.5281857930970889
3460,0.6515400949165584
3461,0.6198678101889561
3462,0.4675231232964877
3463,0.5040053284913624
3464,0.418719262260712
3465,0.5587929790240248
3466,0.4557319640220688
3467,0.40556506771175366
3468,0.47139116530235614
3469,0.6127158187186773
3470,0.3701196917885211
3471,0.5251773967814399
3472,0.44936902550010743
3473,0.40999765404996696
3474,0.7238671732450921
3475,0.5189699771165596
3476,0.5316533439570068
3477,0.6828642880488459
3478,0.49121351514854344
3479,0.4606635364389321
3480,0.4109183859401746
3481,0.5857384718604518
3482,0.5951235335370683
3483,0.47678099726119777
3484,0.6356183139383498
3485,0.39159017774640487
3486,0.5035911850924121
3487,0.5196715997682116
3488,0.5879743712707713
3489,0.5049668591167131
3490,0.49424008618308796
3491,0.559469165494609
3492,0.4411837793259195
3493,0.5426311849141892
3494,0.5589991574852045
3495,0.5215221243595027
3496,0.4663715256643502
3497,0.4838936833540467
3498,0.5813266396343902
3499,0.6035297765537965
3500,0.4997364802268024
3501,0.5874512319284249
3502,0.49686225284006
3503,0.5451698833842671
3504,0.5711496269940329
3505,0.7421419016610127
3506,0.529440436992892
3507,0.6897457001711924
3508,0.36466424338998177
3509,0.43193669128041773
3510,0.5798390621303184
3511,0.45618058132516265
3512,0.62687679000534
3513,0.546431161366225
3514,0.5313756744809905
3515,0.6764365747968811
3516,0.5714809473566584
3517,0.6119481282831186
3518,0.41401184600357704
3519,0.4910465724826792
3520,0.49159943298305897
3521,0.6139671111928177
3522,0.5190024673674882
3523,0.45410414628826384
3524,0.536665387652641
3525,0.5444689069351774
3526,0.4719336873373212
3527,0.5026580324678236
3528,0.5157400647698961
3529,0.6055217974630203
3530,0.49059343248106396
3531,0.5025147026650746
3532,0.4618928543230055
3533,0.4452234240844431
3534,0.4080533134414403
3535,0.38980721807639424
3536,0.47839113080248996
3537,0.45559759451184606
3538,0.4750372279244313
3539,0.4922603637368596
3540,0.5760492825789363
3541,0.5100386149285799
3542,0.543267912455501
3543,0.4949767591574563
3544,0.5404178412476179
3545,0.5072358715840806
3546,0.4341050273467122
3547,0.5168047205826007
3548,0.5308899250750152
3549,0.5616269033709621
3550,0.5486299788880364
3551,0.6995495003018347
3552,0.6580934823380867
3553,0.60076320750541
3554,0.5790572224073962
3555,0.4897176853745337
3556,0.7322699744911128
3557,0.49462015601175113
3558,0.4594938572456937
3559,0.6818873097862912
3560,0.5512139765971569
3561,0.5248017091215914
3562,0.34094545415131594
3563,0.5185969681603247
3564,0.5560038388741557
3565,0.5341501318117762
3566,0.6091286572402954
3567,0.39255300767500384
3568,0.532388048382576
3569,0.5314488538291836
3570,0.5430981728038682
3571,0.4131873250576176
3572,0.5201794121037157
3573,0.6056062918105856
3574,0.5004412427167796
3575,0.5222966527540234
3576,0.6326850364965095
3577,0.5992280946751749
3578,0.4036529691552204
3579,0.5648018705450639
3580,0.4554898722344446
3581,0.6556133789037422
3582,0.40690762020838944
3583,0.5378598465368554
3584,0.5830837473074514
3585,0.39200129600038736
3586,0.4032220421439652
3587,0.47706272970332053
3588,0.5442302917787961
3589,0.5379140352756443
3590,0.501730550041922
3591,0.5017709409266138
3592,0.48580524429064403
3593,0.4232514202448854
3594,0.31246884408036507
3595,0.46253988732907575
3596,0.5464183050154306
3597,0.4652958558370405
3598,0.6980928675130184
3599,0.4542937975618258
3600,0.4413410909267039
3601,0.5145821979821844
3602,0.6632416923641407
3603,0.6897405357530596
3604,0.5347874055026223
3605,0.5637482609247465
3606,0.5788060188451114
3607,0.5073098167731495
3608,0.4003450139909065
3609,0.49969183325129374
3610,0.537975101878654
3611,0.4626128080224527
3612,0.4138745984638765
3613,0.5902280286777423
3614,0.5631882732705586
3615,0.5180271627455281
3616,0.47301464654769537
3617,0.553122492191916
3618,0.5162909155830713
3619,0.5573352694479177
3620,0.5319514109074532
3621,0.519807147991937
3622,0.5737928199292096
3623,0.5629389542829427
3624,0.5115325934021093
3625,0.4421215019070684
3626,0.4406491956551691
3627,0.3581262676149948
3628,0.4158088395413616
3629,0.423977180397685
3630,0.667375601857837
3631,0.4331999783223186
3632,0.4774310229821588
3633,0.5858299622753852
3634,0.4594799437426381
3635,0.5772470855711626
3636,0.5280660247843837
3637,0.4683273850012867
3638,0.4554628500382546
3639,0.5211590807692673
3640,0.5278462951572449
3641,0.7667904022386731
3642,0.5667402193577372
3643,0.579962288552832
3644,0.4723030040568272
3645,0.538068350442495
3646,0.6121619954749075
3647,0.5597875688876846
3648,0.5022305781469086
3649,0.546154931081706
3650,0.6794968870272006
3651,0.4603507868030071
3652,0.5588855516666228
3653,0.5204755033259011
3654,0.6363270951575183
3655,0.6321261448825284
3656,0.47370049813231685
3657,0.5315990561605932
3658,0.5436517528499109
3659,0.4287100834481716
3660,0.5502197902960368
3661,0.38714693938548983
3662,0.4535690073846782
3663,0.45740655898032667
3664,0.5502391116170107
3665,0.39339923720446024
3666,0.46342006032718197
3667,0.5313831813740107
3668,0.5722936981998727
3669,0.5578174426410294
3670,0.572772723908848
3671,0.5288415749106454
3672,0.43529851571635086
3673,0.5749660364944899
3674,0.5047739826057001
3675,0.4033995753334158
3676,0.45473825474180046
3677,0.49770466363893706
3678,0.48263440834884996
3679,0.48661364099024546
3680,0.5098561437270476
3681,0.5220386988972354
3682,0.43811726231583603
3683,0.4582649223191282
3684,0.5133250737731182
3685,0.4504212806753916
3686,0.6308677292342926
3687,0.45506544896016604
3688,0.47049110035340386
3689,0.6051875013096321
3690,0.34374540357438216
3691,0.5202379919713604
3692,0.4388807035795814
3693,0.4552567490647771
3694,0.5062524784426677
3695,0.4765500219455684
3696,0.39255854849658117
3697,0.523984099370402
3698,0.4285058189164886
3699,0.6537894059986313
3700,0.5750214358013868
3701,0.6091656421469368
3702,0.4751116538822372
3703,0.5904091042192033
3704,0.5105700026064036
3705,0.599051918110108
3706,0.5921805469885546
3707,0.5485473708191757
3708,0.3905000904610766
3709,0.4506302057425707
3710,0.4438661311145032
3711,0.48344045042072403
3712,0.6055433638568871
3713,0.4841643173476896
3714,0.6053367397370063
3715,0.6416672088290313
3716,0.7517156704842788
3717,0.4359902151215202
3718,0.6636948178553971
3719,0.5685859365073096
3720,0.8093083975926681
3721,0.5445476971936598
3722,0.6342850846295648
3723,0.5352523282807441
3724,0.6349979571031436
3725,0.5385917760304176
3726,0.6787033147210189
3727,0.5954101587929388
3728,0.6295184739518196
3729,0.5725758730511383
3730,0.44166719713421954
3731,0.5848853355361026
3732,0.48904722721478816
3733,0.4371369723137493
3734,0.532988513375603
3735,0.4725435643833547
3736,0.442729464243302
3737,0.4490487555669387
3738,0.6136197364470289
3739,0.45892623821936684
3740,0.5926003580272895
3741,0.4230005928588428
3742,0.5946110449550059
3743,0.6114339596613118
3744,0.55517481006787
3745,0.4219095376443103
3746,0.5247404678341534
3747,0.36716564643449373
3748,0.6045128358092263
3749,0.5846950570343187
3750,0.4426434646250292
3751,0.6012890329223359
3752,0.5296172127539073
3753,0.5840209896462525
3754,0.5401953249809459
3755,0.5440562648550444
3756,0.5536666438502152
3757,0.5065520501563753
3758,0.3909746472468959
3759,0.6000025793424262
3760,0.3644733236891262
3761,0.40936873646582567
3762,0.47745938078708083
3763,0.6183789923775845
3764,0.46495200610010023
3765,0.2693127791708642
3766,0.5453076699987087
3767,0.5825847885683806
3768,0.4839250139374209
3769,0.5526738447277625
3770,0.4173697274681014
3771,0.4381767625716383
3772,0.4957937844941562
3773,0.5388868652382993
3774,0.5179809756276366
3775,0.5839587065300409
3776,0.3979375286631264
3777,0.7559206138942913
3778,0.47667166962297397
3779,0.5072526562138947
3780,0.5893387899991733
3781,0.4110380437331466
3782,0.5840043123005021
3783,0.46145521834724995
3784,0.519707502651365
3785,0.44480790126770037
3786,0.6751252683184721
3787,0.6462631899649706
3788,0.6083527567580576
3789,0.5697377930856334
3790,0.375501235916676
3791,0.4988932236458292
3792,0.5771975936009831
3793,0.6738659867861551
3794,0.5198216392329502
3795,0.4374694934851883
3796,0.4626514914657151
3797,0.5859914045412846
3798,0.6087624691981354
3799,0.48630180205448686
3800,0.4205323183928909
3801,0.5919520596459293
3802,0.490577193733862
3803,0.6486678501500376
3804,0.41535383597947717
3805,0.6988750420764289
3806,0.34221804104271236
3807,0.5611151557968652
3808,0.4396817323863577
3809,0.6468307782615996
3810,0.5230568106614001
3811,0.4186383050279433
3812,0.43721243083935923
3813,0.40660242228231863
3814,0.7429810608914775
3815,0.4719175677303318
3816,0.512641896087254
3817,0.6251179032244183
3818,0.5475776539628201
3819,0.6966463873526654
3820,0.6007178311211463
3821,0.5307641392495963
3822,0.6204999122304048
3823,0.5405393610440222
3824,0.5650438397705476
3825,0.3596301830118003
3826,0.4722785682389555
3827,0.4632483728720442
3828,0.43603365263096444
3829,0.6217857574842586
3830,0.401858878392353
3831,0.7269135337732076
3832,0.4272701744106522
3833,0.5437909647654384
3834,0.5762472772140977
3835,0.5456914146831914
3836,0.42939191243369995
3837,0.4668270968634519
3838,0.4713559261713442
3839,0.6020582371599836
3840,0.5476896853081866
3841,0.4835934562903893
3842,0.5444446089624123
3843,0.5257367650392432
3844,0.674942884937577
3845,0.4747807924448763
3846,0.6644006443114452
3847,0.5341549212677549
3848,0.43613464340312197
3849,0.47157331173583356
3850,0.6385563612631958
3851,0.42296113906640176
3852,0.4655723072168027
3853,0.5486027054075441
3854,0.5114555693116246
3855,0.4261882867184764
3856,0.5800958722653449
3857,0.4385257240076928
3858,0.5682702360095419
3859,0.5245631283916257
3860,0.4803631583529616
3861,0.46630990335267347
3862,0.4480448496653033
3863,0.47890922327471364
3864,0.5247731636629664
3865,0.41320337039332483
3866,0.42866237539956287
3867,0.44411805898947737
3868,0.3687277881230695
3869,0.44865700721818247
3870,0.6242070162060696
3871,0.5044294258823355
3872,0.41978656425695166
3873,0.6518799234014236
3874,0.5497821220203196
3875,0.5117568174068118
3876,0.3781809688363676
3877,0.5488647020708477
3878,0.5239772743441432
3879,0.5850046006033283
3880,0.4766608558444951
3881,0.5079312416036474
3882,0.5733625892203578
3883,0.6515593558815672
3884,0.47851951438202966
3885,0.5579862116505623
3886,0.460752472943223
3887,0.47244832451638064
3888,0.5971798790914717
3889,0.5053176177482234
3890,0.5544415909159061
3891,0.5163291231209239
3892,0.4289017957703639
3893,0.5519210613279557
3894,0.4204867602535794
3895,0.5329560442096811
3896,0.5319267149788593
3897,0.48062113247065097
3898,0.5040691215587385
3899,0.5162666248935395
3900,0.49073874709699716
3901,0.45645553009282147
3902,0.625350519125409
3903,0.5123908909019961
3904,0.5473691652113225
3905,0.46745704662743376
3906,0.4726006964990053
3907,0.4273916540703748
3908,0.49150974380713136
3909,0.6090059296782581
3910,0.5772681687608835
3911,0.5274631824253233
3912,0.4640024530814634
3913,0.42506346185930444
3914,0.590148063011493
3915,0.6860712184534488
3916,0.5927606063504831
3917,0.44235310736617406
3918,0.5383689335598971
3919,0.45606752852167004
3920,0.5176252890515216
3921,0.6135118243680073
3922,0.4113987622041166
3923,0.36351465027573215
3924,0.7061205376415292
3925,0.4629532831134374
3926,0.6236605247878418
3927,0.5419241278580369
3928,0.5350126027620805
3929,0.549197137007592
3930,0.50148741982184
3931,0.5432223892390274
3932,0.4824741290173982
3933,0.6304750422669927
3934,0.4262383470928779
3935,0.5828655036115533
3936,0.4345323997817907
3937,0.46781390568304165
3938,0.5915650173925269
3939,0.5643539346686625
3940,0.3598372898101889
3941,0.6287902679726892
3942,0.5401686315535736
3943,0.4575962255096364
3944,0.590466139333287
3945,0.5225267892804305
3946,0.445824317497505
3947,0.5184158309294242
3948,0.4802760635851929
3949,0.40507493071878664
3950,0.4353075299288075
3951,0.6474422941024469
3952,0.44928409143749326
3953,0.5932266388215734
3954,0.5484118002078338
3955,0.6452524422919114
3956,0.45495314506611934
3957,0.45539032241427685
3958,0.5452933059991737
3959,0.5662024111232373
3960,0.4999496270546513
3961,0.5878366083183992
3962,0.6042607092260889
3963,0.6074372763760748
3964,0.48461076155742483
3965,0.47659055807695383
3966,0.5764458900149957
3967,0.6034243733515168
3968,0.6377225624980052
3969,0.5143734356619158
3970,0.4212338214207217
3971,0.6255681417236312
3972,0.4998899157402819
3973,0.600708714421078
3974,0.5411833488457527
3975,0.42036277425439905
3976,0.5755132285700194
3977,0.5074349672974522
3978,0.4435713459968514
3979,0.6262321346665817
3980,0.4499029157339357
3981,0.5132572764163856
3982,0.5660497107828492
3983,0.5438027050895828
3984,0.6249065416630208
3985,0.5342925585971484
3986,0.42291642018482273
3987,0.5157143434457995
3988,0.48967658939715886
3989,0.447071255412995
3990,0.44649929049599596
3991,0.5513201429966104
3992,0.6441911191202442
3993,0.4488039567427129
3994,0.5479627555070395
3995,0.5560794222724414
3996,0.4205375211876446
3997,0.5898468943375255
3998,0.42075812190465445
3999,0.385842489315308
4000,0.5364326330686605
4001,0.392028054051095
4002,0.5639261844890251
4003,0.569674552171663
4004,0.4842927430235538
4005,0.4502899125938952
4006,0.4421152097034385
4007,0.5508540561286692
4008,0.5879196264722041
4009,0.5202032113845996
4010,0.41684087315306056
4011,0.6617025563722044
4012,0.63958315676607
4013,0.4323750093302038
4014,0.5746362066122662
4015,0.4457676557399064
4016,0.7462353262058733
4017,0.5153427072865783
4018,0.4511187237651751
4019,0.5240506122081983
4020,0.3929428446831276
4021,0.414829875209786
4022,0.5080828680359413
4023,0.3602186263967312
4024,0.47025011587919324
4025,0.5676081155553009
4026,0.45804805574920066
4027,0.46061282763982203
4028,0.3754507197102431
4029,0.5596827169113405
4030,0.7558359774772782
4031,0.5548739086276581
4032,0.4973931179031245
4033,0.5068604609446694
4034,0.5999402557944485
4035,0.47028356617756567
4036,0.5395783127595957
4037,0.5814391398370048
4038,0.5363111396455429
4039,0.5757656331998415
4040,0.4615396112212447
4041,0.5046977351613546
4042,0.6446390147593674
4043,0.5052379031697214
4044,0.510445008241207
4045,0.4707654625006462
4046,0.48862246347307375
4047,0.45106085173441873
4048,0.6003402108459931
4049,0.4775362724372583
4050,0.44651820550536064
4051,0.5981189034909351
4052,0.4333618620968495
4053,0.4496676843502164
4054,0.5385235854767196
4055,0.5345587366754732
4056,0.5796711230507196
4057,0.477477000199495
4058,0.41764918104135995
4059,0.4842701951456023
4060,0.5047703852269184
4061,0.4632833731949916
4062,0.3884536836804806
4063,0.4498704426936959
4064,0.5543802775966801
4065,0.4813757862290285
4066,0.4731570383005873
4067,0.45183424993410104
4068,0.5522180482459081
4069,0.5607293378306302
4070,0.5113744871739576
4071,0.5083873156684845
4072,0.4722403958399619
4073,0.5300849074528476
4074,0.45749906968459725
4075,0.629637077908688
4076,0.5163394883722989
4077,0.5484472129698165
4078,0.4637988988476095
4079,0.5368269987742855
4080,0.5053394605771085
4081,0.5617632943243323
4082,0.4652734702522717
4083,0.5901615281879269
4084,0.38449801589083915
4085,0.5349811977744958
4086,0.6141697482358989
4087,0.5604187041664227
4088,0.6517326133306938
4089,0.49373291566790756
4090,0.40627974777416037
4091,0.39021453268372935
4092,0.4957826369989688
4093,0.5210123094019363
4094,0.44651354567642626
4095,0.39263288006216635
4096,0.5482628956234326
4097,0.4791844589834275
4098,0.5974474951219847
4099,0.47005312278550404
4100,0.597834342796727
4101,0.7644493139949248
4102,0.5533776607808607
4103,0.5433141361269139
4104,0.5242911067165691
4105,0.528777297880033
4106,0.542344133434229
4107,0.5919925113409602
4108,0.5456151129863669
4109,0.4548797433530276
4110,0.4872274726128042
4111,0.6057621238625558
4112,0.49703420185705177
4113,0.6316917910366899
4114,0.5607695335071736
4115,0.40647504924523736
4116,0.6741174091448435
4117,0.541916907175991
4118,0.5345566508408878
4119,0.562265107308055
4120,0.6329593294782082
4121,0.6272229668204133
4122,0.4564011521776745
4123,0.691785841466366
4124,0.5085410562337195
4125,0.6440591723133829
4126,0.5075876902342088
4127,0.5730891374255299
4128,0.5500103062782915
4129,0.5006205545389542
4130,0.4883224258520357
4131,0.6131142784252127
4132,0.385087206043934
4133,0.6303527009844174
4134,0.4735906507880433
4135,0.5366091002541383
4136,0.47443840527768216
4137,0.4214913378232438
4138,0.5299885757617512
4139,0.5958995073998593
4140,0.5094110473786245
4141,0.5734674701805889
4142,0.5411494976604881
4143,0.5809955056164463
4144,0.5807601615627861
4145,0.5787776609246742
4146,0.6123871711806775
4147,0.5689843683159608
4148,0.47452141946830334
4149,0.7418125329641954
4150,0.5089541275149562
4151,0.3792859314008037
4152,0.504930549724015
4153,0.5273369874482438
4154,0.3073530993463106
4155,0.4774554590395496
4156,0.5701544838253135
4157,0.5570283678356125
4158,0.5625145943089706
4159,0.5360079714379825
4160,0.6293737571457536
4161,0.5346790094228103
4162,0.49662823017982555
4163,0.3718262892046002
4164,0.42807932973655305
4165,0.4072154728631154
4166,0.49826221295840323
4167,0.5546245576282901
4168,0.4859351739458008
4169,0.565417512082116
4170,0.321181504906219
4171,0.48606199270057343
4172,0.5505265672383723
4173,0.5033954543789074
4174,0.45298941351948435
4175,0.5349891416697091
4176,0.5733132241860152
4177,0.5474907561320979
4178,0.504600987581617
4179,0.5550892026897591
4180,0.45402837094606135
4181,0.4550436405294019
4182,0.4762185943679413
4183,0.3827306295828717
4184,0.42867212120989456
4185,0.27237931092826734
4186,0.39666998008955856
4187,0.4670820307028842
4188,0.467681138061618
4189,0.38355524401056124
4190,0.4229074128279215
4191,0.4187953187159006
4192,0.5588788980969023
4193,0.5108551051502089
4194,0.6506177708106544
4195,0.713756596610611
4196,0.47149048695337265
4197,0.5398150088853004
4198,0.5725923089043645
4199,0.5034891910154446
4200,0.5840096501318377
4201,0.5510194823873303
4202,0.4748434145759376
4203,0.6370224136741682
4204,0.5551174350533373
4205,0.3646855367360631
4206,0.47066697551260545
4207,0.5167052070094573
4208,0.4449019365290988
4209,0.5047354765167691
4210,0.4111792929996061
4211,0.5269881588152372
4212,0.349633245310781
4213,0.7312134165640266
4214,0.5695740849585812
4215,0.5554222109917293
4216,0.5546635408395449
4217,0.5918396709076947
4218,0.7235563256077013
4219,0.6670020135943019
4220,0.6635037480953705
4221,0.49710769411794214
4222,0.5464960535873302
4223,0.723709923804776
4224,0.45263971165545575
4225,0.5877615879257017
4226,0.5290111619509429
4227,0.6458776238370386
4228,0.6714487195391365
4229,0.6342171193928482
4230,0.5682987409347988
4231,0.6071521844807699
4232,0.5372035225663466
4233,0.6067513479848621
4234,0.6225886097161094
4235,0.5684386408185745
4236,0.5932839495533885
4237,0.4320615069288985
4238,0.5381943493049477
4239,0.5159134033367038
4240,0.5499637687105555
4241,0.47295257061704904
4242,0.6122583083981379
4243,0.6361228956175025
4244,0.4445554526471367
4245,0.5676823959509737
4246,0.6950169034652106
4247,0.4844043216791328
4248,0.39835775869308676
4249,0.5119600489983391
4250,0.5902581881226756
4251,0.5729387397456502
4252,0.4467757655812122
4253,0.4185377017119003
4254,0.47710170002822044
4255,0.6172435248819053
4256,0.4961162874034963
4257,0.5274367205634511
4258,0.47443082221215443
4259,0.4073445188930216
4260,0.46635334832128994
4261,0.5024035109677797
4262,0.6704215060961379
4263,0.4653694025487871
4264,0.3634559957576889
4265,0.5284537265815726
4266,0.4899354875584494
4267,0.6233057833250505
4268,0.5474761391708581
4269,0.34452841164355963
4270,0.49309055240072613
4271,0.47507077403569725
4272,0.4234278996374908
4273,0.47394604113737016
4274,0.5383821684515943
4275,0.652701774030987
4276,0.5506180898603577
4277,0.5004980420618614
4278,0.5089410113341716
4279,0.6094723192059306
4280,0.6151640737836637
4281,0.4390293381111285
4282,0.5555939053832152
4283,0.4372419191415818
4284,0.3739094973198746
4285,0.3862968512065379
4286,0.6455118494521531
4287,0.5111995328767335
4288,0.4451675609501859
4289,0.5031787453224165
4290,0.5195255734475809
4291,0.5549988095027145
4292,0.56742044048935
4293,0.624545912650685
4294,0.4749839843258285
4295,0.4719848812817104
4296,0.46062722932670463
4297,0.4180885914579842
4298,0.5599142185041538
4299,0.45759684835647757
4300,0.48498202267708135
4301,0.6500099982406965
4302,0.5276562313615234
4303,0.615525271514692
4304,0.5457883311002153
4305,0.364734887090922
4306,0.635460608356174
4307,0.4176560513022321
4308,0.5042452759108671
4309,0.3953104397929175
4310,0.520976995071398
4311,0.5296517403224397
4312,0.5623806897488112
4313,0.5263031696259196
4314,0.4477672086249105
4315,0.5687634075811635
4316,0.5802282312073992
4317,0.5718100462014605
4318,0.6225926788852033
4319,0.6492250623449907
4320,0.626619262617678
4321,0.4690449296088329
4322,0.4958637850017419
4323,0.6334412696034736
4324,0.6368790922526759
4325,0.6660217766272822
4326,0.4867755267920156
4327,0.4939786883819854
4328,0.4624426070850354
4329,0.42892938763896293
4330,0.4940230896308675
4331,0.5904939136080454
4332,0.6690894029367742
4333,0.38290454940005486
4334,0.593887470942575
4335,0.45686829313109883
4336,0.44179200054488676
4337,0.5141026344241042
4338,0.4806530604186913
4339,0.5833335778810063
4340,0.4991547164545946
4341,0.3590434544440825
4342,0.4817683564157671
4343,0.6727676994143454
4344,0.5701430521033931
4345,0.5201622695112982
4346,0.5837484800893328
4347,0.4977590451836469
4348,0.35795930873464665
4349,0.49809459195087813
4350,0.5920545291777639
4351,0.6062937340055613
4352,0.6859131332704457
4353,0.3685419603713148
4354,0.48851853170936316
4355,0.5790553147936474
4356,0.5317437338700391
4357,0.5664406580921582
4358,0.6054513587841259
4359,0.3980430695629482
4360,0.41360882821988426
4361,0.5155335576518176
4362,0.6049771524113166
4363,0.4655286790638838
4364,0.5368822570319249
4365,0.5348222358112243
4366,0.3298798026968604
4367,0.5276973798259632
4368,0.40973121916699656
4369,0.5347161683336508
4370,0.45319491211536117
4371,0.4944859759818848
4372,0.5643933971779087
4373,0.5746726244725073
4374,0.5897390178130651
4375,0.7460827937794474
4376,0.48161627288658826
4377,0.41148905391826834
4378,0.3816427818950852
4379,0.4938812069845435
4380,0.5518293664711553
4381,0.6630108652014626
4382,0.5222528829654743
4383,0.5026351889825572
4384,0.42637932049714244
4385,0.6011327630903313
4386,0.4241267138281216
4387,0.520977464781711
4388,0.5171932995478445
4389,0.37469965763930074
4390,0.4291308109743725
4391,0.4718208903312015
4392,0.51738220623981
4393,0.6405303784472827
4394,0.5413230604085492
4395,0.5009031222513614
4396,0.6836284836066747
4397,0.6147700747428715
4398,0.5286955667512003
4399,0.5430116720544413
4400,0.36013164595637354
4401,0.5349907619513254
4402,0.5535879866176532
4403,0.5273980975282541
4404,0.47800781285332566
4405,0.4745237310962107
4406,0.43559746527650456
4407,0.7667512258365827
4408,0.49169411456079015
4409,0.5291119002099323
4410,0.6323083610859613
4411,0.539435923552777
4412,0.4320143595005017
4413,0.45454621772418685
4414,0.512415978511977
4415,0.457086796597358
4416,0.5574475357712105
4417,0.6558571183313934
4418,0.538836189196742
4419,0.5073987821666542
4420,0.48949694487780265
4421,0.5429534072696998
4422,0.47945935640032045
4423,0.613421978297001
4424,0.46498237344183846
4425,0.4667880437193997
4426,0.4627220390611369
4427,0.4848541889520967
4428,0.5442981638699143
4429,0.4709016448790612
4430,0.5160806070365099
4431,0.4410600620145594
4432,0.5154435649045017
4433,0.5874698470211629
4434,0.5962643184880949
4435,0.41323479348987097
4436,0.5823614503758644
4437,0.3982080230207241
4438,0.6464980480012564
4439,0.4455148177027215
4440,0.4205744478662328
4441,0.4548395450790516
4442,0.47936190350906144
4443,0.40258606097414823
4444,0.6171656917055085
4445,0.46392254649871517
4446,0.5682149034542456
4447,0.6133392837265446
4448,0.33001615786772
4449,0.455697792431141
4450,0.48891963663941335
4451,0.5081863960216411
4452,0.5289446490955644
4453,0.49159556665288745
4454,0.6512046629159539
4455,0.5325761979609893
4456,0.5221015311540612
4457,0.5487892864659363
4458,0.5324228696855426
4459,0.49862621557546494
4460,0.457712076927506
4461,0.4246964256740669
4462,0.5568301493486288
4463,0.4797337078155973
4464,0.5903902317788939
4465,0.4752786333400131
4466,0.5036603695527327
4467,0.4714869094560298
4468,0.6974622278388148
4469,0.6223036170175428
4470,0.5966758306098622
4471,0.5365236012145647
4472,0.40863642004052014
4473,0.5213955106360125
4474,0.4279518823736125
4475,0.6482982066876393
4476,0.5453252412731348
4477,0.41168782562810413
4478,0.623134698011454
4479,0.48561419287717666
4480,0.505154192289409
4481,0.5308343551436121
4482,0.49537060338156036
4483,0.5104116572489054
4484,0.5218712043513382
4485,0.4913672729382805
4486,0.47871694976763485
4487,0.5041434016342475
4488,0.5854531697197334
4489,0.5084194889707734
4490,0.3886770611846241
4491,0.5147539458837502
4492,0.4972806224076654
4493,0.6498135016238696
4494,0.5172299966258413
4495,0.4942122153487655
4496,0.5991681722163839
4497,0.5580341098899144
4498,0.4532172025979339
4499,0.5185240891741854
4500,0.4721857852263639
4501,0.5135226790123103
4502,0.6146498827441141
4503,0.4979592251437195
4504,0.5712710393250185
4505,0.6435086384072325
4506,0.7161463278579748
4507,0.4642846266738887
4508,0.4541959308443921
4509,0.6185929567474336
4510,0.4842508208129109
4511,0.43785974045667003
4512,0.40514614679915484
4513,0.6793597719520408
4514,0.3728868254938603
4515,0.5230820669253584
4516,0.48875147244045036
4517,0.4056878387635887
4518,0.5568253295786589
4519,0.6822500051808403
4520,0.4829875568436462
4521,0.5909442411972883
4522,0.5044680153390361
4523,0.5087531749600851
4524,0.5582213949079254
4525,0.43157105392986844
4526,0.5774287685873454
4527,0.5150049645279711
4528,0.5663585088283025
4529,0.5586088826758965
4530,0.4929209494939772
4531,0.3677515123955833
4532,0.6544081544946503
4533,0.6167806307830765
4534,0.3624628206276441
4535,0.6326736588209229
4536,0.5439834662874585
4537,0.5082586783716535
4538,0.5497477838735576
4539,0.4444126484704158
4540,0.5094087746979501
4541,0.6351769973064897
4542,0.5379512839592774
4543,0.5035629283282458
4544,0.5485570869327665
4545,0.4391909088746074
4546,0.5943542889414162
4547,0.4446966085757957
4548,0.44588102462698287
4549,0.5136612009206554
4550,0.744130477587718
4551,0.5169317921526396
4552,0.42306010752534323
4553,0.43308482827310063
4554,0.5414302518310595
4555,0.5198678722596755
4556,0.6561465171631586
4557,0.42412535168697474
4558,0.37475273012767757
4559,0.42468108704957097
4560,0.4404267567166277
4561,0.4559264014462307
4562,0.5293499476735934
4563,0.43008454962181725
4564,0.5282081026742516
4565,0.5228073540503927
4566,0.3796681803192019
4567,0.5241545714139223
4568,0.4809398275167146
4569,0.5760461783573643
4570,0.5043340565391218
4571,0.7239408000597757
4572,0.4348124619970048
4573,0.3894327676589645
4574,0.5833513136194126
4575,0.4463605791977184
4576,0.6532388162205592
4577,0.5669651965873017
4578,0.6977478564138466
4579,0.45441313496933394
4580,0.4955883255502093
4581,0.35439005964951287
4582,0.5155959522229401
4583,0.650360870001351
4584,0.5607071330385998
4585,0.4517621235559372
4586,0.49721047337811486
4587,0.41850108296181165
4588,0.4902801387576389
4589,0.543361855495698
4590,0.45320138956068695
4591,0.5393516793745108
4592,0.48708193575742464
4593,0.3077012876547044
4594,0.5089535686115473
4595,0.3551189845375044
4596,0.5071740882066746
4597,0.5321533164675267
4598,0.6324714034847154
4599,0.5219479529112954
4600,0.3366928791984859
4601,0.45910088353331835
4602,0.594181608574066
4603,0.5834037545382639
4604,0.7171989701722147
4605,0.47862163846225464
4606,0.4550984367479479
4607,0.5230356927337638
4608,0.5250386489013984
4609,0.5242720047266144
4610,0.4067589474238728
4611,0.4562521396237951
4612,0.4422180629880495
4613,0.5352343099378871
4614,0.4230755047281637
4615,0.4297368984684667
4616,0.5041952382271057
4617,0.48191364143355625
4618,0.45868307028466854
4619,0.6468649959049019
4620,0.47473621805607513
4621,0.5073886708818595
4622,0.39428141240169184
4623,0.4804662476866055
4624,0.4991877875985558
4625,0.4451184835197608
4626,0.3807730054487085
4627,0.4277159646899564
4628,0.496075730352103
4629,0.48263785148208144
4630,0.48037168190903773
4631,0.610304888979718
4632,0.4671530895790409
4633,0.45235828314141385
4634,0.5629473434797242
4635,0.5060491123326761
4636,0.5088993347414973
4637,0.4559407307840222
4638,0.5607145225036001
4639,0.42590816863166836
4640,0.5082044306520694
4641,0.4879273231760214
4642,0.4633741468745795
4643,0.5673004588349848
4644,0.5010771350501346
4645,0.4509867747150424
4646,0.4839809736323258
4647,0.5236792803857254
4648,0.47934193437524
4649,0.3621442292510743
4650,0.47383030111272223
4651,0.5733974711453753
4652,0.4630872257383947
4653,0.5599432815258929
4654,0.45359008635511927
4655,0.5726264653346013
4656,0.3353674276383501
4657,0.4430982467458322
4658,0.5747342006082532
4659,0.5541671349568347
4660,0.4174769186107706
4661,0.49925148746738485
4662,0.36989472881627744
4663,0.4923015865765212
4664,0.4927769368631379
4665,0.5829565184664702
4666,0.6034967287095998
4667,0.532427552664371
4668,0.3830120261442108
4669,0.47988811117960234
4670,0.570532175290245
4671,0.5537716439397209
4672,0.45629271666806803
4673,0.4359931658722091
4674,0.5892679742493587
4675,0.6084637552478946
4676,0.4497301174089373
4677,0.39444847095246877
4678,0.4997549423431145
4679,0.5519115189334852
4680,0.529884544032858
4681,0.5169844381690752
4682,0.7021591630436347
4683,0.37231173540292567
4684,0.5574942342974265
4685,0.5476830524028714
4686,0.5481156152547788
4687,0.5353434071753909
4688,0.47733613087427695
4689,0.4493212738305997
4690,0.4714769810991386
4691,0.49585738205803465
4692,0.5865032109339704
4693,0.5133432550122303
4694,0.5065772187795082
4695,0.4945122857359705
4696,0.5122325271001255
4697,0.4874767238465349
4698,0.4955872571437807
4699,0.5078183722760389
4700,0.6248704226027226
4701,0.5668885952431699
4702,0.4601078487800865
4703,0.3670182052591188
4704,0.38179882199648874
4705,0.600323401156802
4706,0.5653654550162442
4707,0.5368803474297947
4708,0.5456927052944359
4709,0.6699490916973178
4710,0.37347125936279285
4711,0.43492748204671106
4712,0.5671123872823478
4713,0.6046046245783901
4714,0.3500696499668101
4715,0.5256205755627502
4716,0.5031571234168623
4717,0.6741636561298628
4718,0.5395969874488671
4719,0.5356511219875144
4720,0.5417928718687404
4721,0.5835706105298346
4722,0.46989756521260506
4723,0.6320999785024323
4724,0.48034905442016596
4725,0.5797433259399798
4726,0.5661606595559198
4727,0.4437467604617658
4728,0.5896126720581212
4729,0.49327820085316676
4730,0.5311941141067437
4731,0.478137296288869
4732,0.4263007441561741
4733,0.3292882943262705
4734,0.420460805260088
4735,0.5462074658236765
4736,0.42277785225362335
4737,0.69153087698341
4738,0.5292912032276156
4739,0.49602657262912775
4740,0.5892277759066963
4741,0.4283014973770795
4742,0.46799969014849163
4743,0.4474726826178843
4744,0.5231666026459748
4745,0.4882805484613104
4746,0.5217892060909696
4747,0.40830150768208684
4748,0.710329311184076
4749,0.6180150720029496
4750,0.473014243946719
4751,0.5634013803033932
4752,0.5990384798159258
4753,0.5707317135395242
4754,0.40054356106624844
4755,0.5137674246350962
4756,0.42679485290712393
4757,0.3460141802721847
4758,0.4774262666272729
4759,0.5227281670062951
4760,0.42647200740829494
4761,0.6093533543892782
4762,0.6255022628623625
4763,0.4462949196662743
4764,0.45425937487556595
4765,0.5772248132999832
4766,0.6534444955249822
4767,0.5815391386161031
4768,0.5811848438289002
4769,0.49070716826711286
4770,0.6229691972617581
4771,0.4798227560784659
4772,0.4946131259559306
4773,0.6429490961794965
4774,0.7075283144353284
4775,0.5511574851413092
4776,0.4809061371580705
4777,0.5187495611449073
4778,0.5740994703211137
4779,0.8900640282095331
4780,0.5928433674376232
4781,0.49772495408156386
4782,0.7566082852227183
4783,0.4040322342898714
4784,0.46305296436304344
4785,0.5852430555622746
4786,0.5448438674000028
4787,0.3300053004361501
4788,0.5877433202831654
4789,0.597134248187963
4790,0.5723046935883231
4791,0.4594488059324213
4792,0.4412640671232441
4793,0.42037210611511105
4794,0.5656058059895533
4795,0.6020714676156806
4796,0.3745125784408235
4797,0.7196558254901753
4798,0.48115616104962433
4799,0.5635344576885455
4800,0.5956701504540505
4801,0.3598058854414975
4802,0.4438382728222421
4803,0.49569928228194915
4804,0.4851058522258005
4805,0.4367417303269294
4806,0.5947501313101328
4807,0.548225899560091
4808,0.6663684841803108
4809,0.39893797361231836
4810,0.43510411796557263
4811,0.4765730063535518
4812,0.4739630388973311
4813,0.7187467688200055
4814,0.5271625795451419
4815,0.7146022072720069
4816,0.5747428016920928
4817,0.5195688053707648
4818,0.5407516442778814
4819,0.5783149133299531
4820,0.3871829770884795
4821,0.5864582052218656
4822,0.59931145952313
4823,0.44874342737564754
4824,0.5074851301100769
4825,0.6275563938450812
4826,0.5618530787454352
4827,0.49088814117730245
4828,0.47784347230690355
4829,0.46042969777730336
4830,0.5303023481247775
4831,0.4440295936726121
4832,0.5151558539137019
4833,0.49775880385444643
4834,0.5765955392633417
4835,0.5533730638796502
4836,0.47240585728344525
4837,0.4494706034525517
4838,0.45320849445918066
4839,0.5406225480196956
4840,0.7062078106058735
4841,0.6763093209154316
4842,0.5348040239200521
4843,0.5074725570194482
4844,0.4828919778098929
4845,0.36646651518003714
4846,0.5743223147789525
4847,0.557335554816601
4848,0.5245670171199444
4849,0.5762364085978134
4850,0.6519224422277927
4851,0.5547122637582933
4852,0.5260850174484852
4853,0.5544815590266761
4854,0.35748322260771365
4855,0.6063042081141772
4856,0.6038888803512453
4857,0.566843070639496
4858,0.5935563759218756
4859,0.4664568862032511
4860,0.46876797001315756
4861,0.6016228105548919
4862,0.4941453942151407
4863,0.5963367289066807
4864,0.5711868661745646
4865,0.4223370985034716
4866,0.5220380959708515
4867,0.6462884303339921
4868,0.4122378309516783
4869,0.5951516727027312
4870,0.5433958156936658
4871,0.47876381356809045
4872,0.4331440807660834
4873,0.4174865607579469
4874,0.43590444415241575
4875,0.4563973326761611
4876,0.5658408352845571
4877,0.478898280979298
4878,0.40912205984638567
4879,0.6894716295896944
4880,0.49620983617768616
4881,0.4948567890157558
4882,0.5474463643612704
4883,0.6198947414131318
4884,0.47301547787079284
4885,0.4560862401005174
4886,0.6259614119623318
4887,0.5130367500542672
4888,0.40667600470695353
4889,0.5859276584591319
4890,0.4575434285085913
4891,0.4917511458511356
4892,0.5375693176647636
4893,0.4745426791238105
4894,0.42806701626199617
4895,0.5499061880545403
4896,0.5172118010356833
4897,0.4488540819044498
4898,0.44740489281458334
4899,0.46570355744389436
4900,0.49254206084514957
4901,0.508695192246518
4902,0.781843605056151
4903,0.5626838999990003
4904,0.48784265511658786
4905,0.5169597707126927
4906,0.46589961521994144
4907,0.48153232570919896
4908,0.5128572497757349
4909,0.5272699774495182
4910,0.7055598404515047
4911,0.45012593087689484
4912,0.5895478367633069
4913,0.49120914273396915
4914,0.5766425606750398
4915,0.4104876850571258
4916,0.43913805894917907
4917,0.46748205557928907
4918,0.5646375217115313
4919,0.5479648754682523
4920,0.5944531840640263
4921,0.6774761352270487
4922,0.46847594175024504
4923,0.5439231109046075
4924,0.447764924246146
4925,0.41137707893095715
4926,0.5289157782637065
4927,0.4534043900788986
4928,0.4450743825793494
4929,0.521000189790387
4930,0.5636468789689804
4931,0.5488482779330613
4932,0.49797114193162145
4933,0.5898930467087816
4934,0.44056026566449347
4935,0.5006547716064865
4936,0.4047912395370142
4937,0.5066752779570687
4938,0.5353975692893382
4939,0.42756973677440846
4940,0.5218660962292831
4941,0.5169878178963458
4942,0.39760766787710117
4943,0.5889743665993645
4944,0.5343617541788724
4945,0.3925673174214036
4946,0.5540987282790474
4947,0.6858256365381277
4948,0.5114025623040852
4949,0.4181381135383547
4950,0.43736059553591156
4951,0.5663918778551502
4952,0.49456836422557265
4953,0.5518525027411174
4954,0.4662528302374273
4955,0.4261295013772615
4956,0.3768475849122762
4957,0.4167754332612902
4958,0.46006928985516365
4959,0.5135398524058744
4960,0.5137536992824074
4961,0.5553342062056201
4962,0.37392479644363463
4963,0.6946496689134879
4964,0.49598149160561755
4965,0.5847331009214888
4966,0.5493129335056192
4967,0.3785520012675612
4968,0.46775325904180576
4969,0.41569398582302713
4970,0.5700891159698671
4971,0.48962199187652333
4972,0.4069859089258865
4973,0.48162537530211813
4974,0.4228732833595034
4975,0.6377041382687741
4976,0.45799148353311264
4977,0.708918876830031
4978,0.6447761698821668
4979,0.6249649154616908
4980,0.5198842612807035
4981,0.599137762551479
4982,0.4402602725606049
4983,0.5949635599437824
4984,0.5921846417954675
4985,0.45983736174652723
4986,0.4704925002459859
4987,0.4023252205083645
4988,0.5406309215270136
4989,0.517188463751157
4990,0.5333453907367157
4991,0.5779933835502321
4992,0.4744258887900317
4993,0.44121761175018276
4994,0.680782368190678
4995,0.5017585686435713
4996,0.4824946398018476
4997,0.5873195287083702
4998,0.5450996533360766
4999,0.4525260274008489
5000,0.5339755333519967